INSPECTION_NUMBER,INSPECTION_LOCATION_NAME,PATHWAY,COUNTRY_OF_ORIGIN_NAME,PROPAGATIVE_MATERIAL_TYPE,TOTAL_SAMPLING_UNITS,TOTAL_PLANT_QUANTITY,PRODUCER
INS-6127,Miami PIS,Sea,Japan,"Root cutting, crown, or clump, Tuberous Root",263,18879,Rocket Farms
INS-8544,Miami PIS,Air,Netherlands,"Bulb, Corm, Rhizome, Tuberous Stem",46,470,White's Nursery & Greenhouses Inc.
INS-6098,Miami PIS,Sea,Netherlands,"Bulb, Corm, Rhizome, Tuberous Stem",25,5,Grower Direct Farms
INS-6636,Miami PIS,Sea,New Zeland,Meristem or Callus Tissue Culture (micropropagated/in vitro culture),506,24161,DeLeon's Bromeliads
INS-3963,Miami PIS,Train,Japan,"Root cutting, crown, or clump, Tuberous Root",148,1859,Ocean Breeze International
INS-4122,Miami PIS,Sea,India,Meristem or Callus Tissue Culture (micropropagated/in vitro culture),985,23575,Aris (formerly Yoder Brothers)
INS-3762,Miami PIS,Sea,New Zeland,Meristem or Callus Tissue Culture (micropropagated/in vitro culture),484,36959,Bay City Flowers
INS-6498,Miami PIS,Sea,Netherlands,"Bulb, Corm, Rhizome, Tuberous Stem",544,31596,Kawahara Nurseries
INS-5618,Miami PIS,Air,India,Budwood/Graftwood (scion),485,26583,Battlefield Farms
INS-9423,Miami PIS,Sea,Japan,"Root cutting, crown, or clump, Tuberous Root",738,11579,Kitayama Brothers
INS-5891,Miami PIS,Sea,India,Meristem or Callus Tissue Culture (micropropagated/in vitro culture),577,16663,Sawyer Nursery
INS-9803,Miami PIS,Sea,Netherlands,"Bulb, Corm, Rhizome, Tuberous Stem",758,25844,Green Valley Growers
INS-9228,Miami PIS,Air,New Zeland,Meristem or Callus Tissue Culture (micropropagated/in vitro culture),213,122,Welby Gardens Co. Inc.
INS-4310,Miami PIS,Sea,New Zeland,"Root cutting, crown, or clump, Tuberous Root",603,12850,The Sun Valley Group
INS-7546,Miami PIS,Air,Japan,Budwood/Graftwood (scion),108,10451,Welby Gardens Co. Inc.
INS-4729,Miami PIS,Air,Japan,Meristem or Callus Tissue Culture (micropropagated/in vitro culture),171,13298,Color Star Growers
INS-7783,Miami PIS,Air,New Zeland,"Root cutting, crown, or clump, Tuberous Root",29,1782,Nurserymen's Exchange
INS-3607,Miami PIS,Train,Netherlands,Meristem or Callus Tissue Culture (micropropagated/in vitro culture),238,14613,"Costa Farms, LLC"
INS-6666,Miami PIS,Air,Netherlands,"Bulb, Corm, Rhizome, Tuberous Stem",37,3662,Kent's Bromeliads Nursery Inc.
INS-4734,Miami PIS,Air,Netherlands,Meristem or Callus Tissue Culture (micropropagated/in vitro culture),187,2845,Myriad Flowers International
INS-6025,Miami PIS,Air,Netherlands,"Bulb, Corm, Rhizome, Tuberous Stem",644,59380,White's Nursery & Greenhouses Inc.
INS-1721,Miami PIS,Train,Japan,"Bulb, Corm, Rhizome, Tuberous Stem",776,29583,Gallup & Stribling Orchids Inc.
INS-8506,Miami PIS,Air,New Zeland,Meristem or Callus Tissue Culture (micropropagated/in vitro culture),952,92436,California Pajarosa
INS-5177,Miami PIS,Air,Japan,"Bulb, Corm, Rhizome, Tuberous Stem",340,24000,Green Valley Growers
INS-7745,Miami PIS,Air,India,Budwood/Graftwood (scion),238,19392,Heartland Growers
INS-1983,Miami PIS,Air,Netherlands,"Bulb, Corm, Rhizome, Tuberous Stem",751,9985,Westland Floral Co.
INS-4799,Miami PIS,Air,Netherlands,Budwood/Graftwood (scion),487,437,Polk Nursery Company Inc.
INS-6977,Miami PIS,Sea,New Zeland,"Bulb, Corm, Rhizome, Tuberous Stem",233,21771,Twixwood Nursery LLC
INS-5801,Miami PIS,Air,India,Meristem or Callus Tissue Culture (micropropagated/in vitro culture),883,22933,Post Gardens Inc.
INS-4362,Miami PIS,Train,Japan,"Root cutting, crown, or clump, Tuberous Root",724,64364,"Bergen's Greenhouses, Inc."
INS-9099,Miami PIS,Air,Netherlands,"Bulb, Corm, Rhizome, Tuberous Stem",200,14270,Barcelo Enterprises
INS-7759,Miami PIS,Air,Netherlands,"Bulb, Corm, Rhizome, Tuberous Stem",779,48835,"B&H Flowers, Inc."
INS-2243,Miami PIS,Air,New Zeland,Meristem or Callus Tissue Culture (micropropagated/in vitro culture),200,12894,Grower Direct Farms
INS-2658,Miami PIS,Air,Netherlands,"Bulb, Corm, Rhizome, Tuberous Stem",54,1513,Dewar Nurseries
INS-6733,Miami PIS,Air,Japan,"Root cutting, crown, or clump, Tuberous Root",69,3112,Timberline Nursery Inc.
INS-4637,Miami PIS,Sea,New Zeland,"Root cutting, crown, or clump, Tuberous Root",186,16498,Twixwood Nursery LLC
INS-2186,Miami PIS,Sea,Japan,"Root cutting, crown, or clump, Tuberous Root",96,4372,Petitti Garden Center (Casa Verde)
INS-2055,Miami PIS,Air,India,Meristem or Callus Tissue Culture (micropropagated/in vitro culture),292,28878,The Sun Valley Group
INS-1194,Miami PIS,Air,Japan,Meristem or Callus Tissue Culture (micropropagated/in vitro culture),314,25352,Henry Mast Greenhouses/Masterpiece Flower Co LLC
INS-2894,Miami PIS,Air,Japan,"Root cutting, crown, or clump, Tuberous Root",5,395,Burgett Geothermal Greenhouses
INS-4622,Miami PIS,Air,New Zeland,Meristem or Callus Tissue Culture (micropropagated/in vitro culture),632,50012,"Young's Plant Farm, Inc."
INS-6361,Miami PIS,Air,Japan,"Bulb, Corm, Rhizome, Tuberous Stem",932,89745,Sawyer Nursery
INS-4443,Miami PIS,Air,India,"Bulb, Corm, Rhizome, Tuberous Stem",321,31657,Delray Plants Inc.
INS-5114,Miami PIS,Sea,New Zeland,"Root cutting, crown, or clump, Tuberous Root",331,18009,Sawyer Nursery
INS-3015,Miami PIS,Sea,New Zeland,Meristem or Callus Tissue Culture (micropropagated/in vitro culture),369,20200,Color Star Growers
INS-8805,Miami PIS,Sea,India,"Bulb, Corm, Rhizome, Tuberous Stem",474,40010,Gallup & Stribling Orchids Inc.
INS-5082,Miami PIS,Air,New Zeland,Meristem or Callus Tissue Culture (micropropagated/in vitro culture),486,43359,Hines Horticulture
INS-3453,Miami PIS,Sea,India,Meristem or Callus Tissue Culture (micropropagated/in vitro culture),857,44873,Dewar Nurseries
INS-6624,Miami PIS,Air,Japan,Meristem or Callus Tissue Culture (micropropagated/in vitro culture),806,46581,Kitayama Brothers
INS-7035,Miami PIS,Sea,Japan,"Bulb, Corm, Rhizome, Tuberous Stem",750,25252,Milgro Nursery Inc.
INS-5871,Miami PIS,Air,Japan,Budwood/Graftwood (scion),841,71205,Pacifica Flowers
INS-6577,Miami PIS,Air,Netherlands,"Bulb, Corm, Rhizome, Tuberous Stem",227,10953,Dramm & Echter Inc.
INS-6650,Miami PIS,Sea,Japan,"Bulb, Corm, Rhizome, Tuberous Stem",509,48100,Henry Mast Greenhouses/Masterpiece Flower Co LLC
INS-6713,Miami PIS,Sea,India,"Root cutting, crown, or clump, Tuberous Root",973,35327,O.F. Nelson & Sons Nursery Inc.
INS-7602,Miami PIS,Sea,Japan,"Bulb, Corm, Rhizome, Tuberous Stem",133,5605,"Stacy's Greenhouses, Inc."
INS-6854,Miami PIS,Sea,Japan,"Bulb, Corm, Rhizome, Tuberous Stem",905,83508,Silver Terrace Nursery
INS-4976,Miami PIS,Sea,India,Meristem or Callus Tissue Culture (micropropagated/in vitro culture),278,16679,Gallup & Stribling Orchids Inc.
INS-9975,Miami PIS,Sea,India,"Root cutting, crown, or clump, Tuberous Root",906,15839,Delray Plants Inc.
INS-4689,Miami PIS,Air,Netherlands,Meristem or Callus Tissue Culture (micropropagated/in vitro culture),727,72699,Operation
INS-2812,Miami PIS,Sea,India,Meristem or Callus Tissue Culture (micropropagated/in vitro culture),998,28020,California Pajarosa
INS-7047,Miami PIS,Sea,India,Meristem or Callus Tissue Culture (micropropagated/in vitro culture),523,11102,Grower Direct Farms
INS-6966,Miami PIS,Sea,Japan,Budwood/Graftwood (scion),973,19916,Heartland Growers
INS-8475,Miami PIS,Air,Japan,"Root cutting, crown, or clump, Tuberous Root",284,12911,The Sun Valley Group
INS-6846,Miami PIS,Sea,India,Meristem or Callus Tissue Culture (micropropagated/in vitro culture),159,206,Altman Plants
INS-5224,Miami PIS,Air,India,"Bulb, Corm, Rhizome, Tuberous Stem",849,65237,Cuthbert Greenhouse
INS-5156,Miami PIS,Air,Japan,Meristem or Callus Tissue Culture (micropropagated/in vitro culture),37,1922,Paul Ecke Ranch
INS-2131,Miami PIS,Air,India,Meristem or Callus Tissue Culture (micropropagated/in vitro culture),42,3152,"Farmers' West Flowers & Bouquets, Inc."
INS-3582,Miami PIS,Air,India,"Root cutting, crown, or clump, Tuberous Root",898,52438,"Bergen's Greenhouses, Inc."
INS-1211,Miami PIS,Air,Netherlands,"Bulb, Corm, Rhizome, Tuberous Stem",316,16374,Grower Direct Farms
INS-9837,Miami PIS,Sea,New Zeland,Meristem or Callus Tissue Culture (micropropagated/in vitro culture),555,37401,DeLeon's Bromeliads
INS-9265,Miami PIS,Air,India,"Root cutting, crown, or clump, Tuberous Root",893,8169,Elzinga & Hoeksema Greenhouses
INS-4015,Miami PIS,Air,India,"Bulb, Corm, Rhizome, Tuberous Stem",382,1275,Elzinga & Hoeksema Greenhouses
INS-6494,Miami PIS,Air,India,Budwood/Graftwood (scion),442,17440,California Pajarosa
INS-9205,Miami PIS,Air,India,"Bulb, Corm, Rhizome, Tuberous Stem",969,36534,Rockwell Farms Inc.
INS-1395,Miami PIS,Sea,India,"Root cutting, crown, or clump, Tuberous Root",870,15043,"Stacy's Greenhouses, Inc."
INS-4661,Miami PIS,Sea,Japan,"Bulb, Corm, Rhizome, Tuberous Stem",782,28860,Harts Nursery
INS-2643,Miami PIS,Air,Japan,"Bulb, Corm, Rhizome, Tuberous Stem",461,9337,Northwest Horticulture
INS-4097,Miami PIS,Air,Netherlands,Meristem or Callus Tissue Culture (micropropagated/in vitro culture),173,5263,The Sun Valley Group
INS-8774,Miami PIS,Sea,Japan,Meristem or Callus Tissue Culture (micropropagated/in vitro culture),278,7060,Dan Schantz Farm
INS-8659,Miami PIS,Sea,Japan,"Root cutting, crown, or clump, Tuberous Root",711,62506,Alex R. Masson
INS-5904,Miami PIS,Air,India,Budwood/Graftwood (scion),400,23093,Grower Direct Farms
INS-6260,Miami PIS,Air,India,"Bulb, Corm, Rhizome, Tuberous Stem",656,44985,Barcelo Enterprises
INS-2813,Miami PIS,Sea,Japan,Meristem or Callus Tissue Culture (micropropagated/in vitro culture),889,73665,Elzinga & Hoeksema Greenhouses
INS-2949,Miami PIS,Air,Netherlands,Meristem or Callus Tissue Culture (micropropagated/in vitro culture),878,35709,Burgett Geothermal Greenhouses
INS-4013,Miami PIS,Sea,Japan,Meristem or Callus Tissue Culture (micropropagated/in vitro culture),107,7948,Green Circle Growers
INS-1679,Miami PIS,Sea,Japan,"Root cutting, crown, or clump, Tuberous Root",292,18583,Van de Wetering Greenhouses Inc.
INS-2403,Miami PIS,Sea,India,"Root cutting, crown, or clump, Tuberous Root",759,9250,Wenke Greenhouses
INS-1182,Miami PIS,Sea,Netherlands,Budwood/Graftwood (scion),657,38118,Bob's Market & Greenhouses Inc.
INS-4862,Miami PIS,Sea,India,Meristem or Callus Tissue Culture (micropropagated/in vitro culture),534,32752,Kube-Pak
INS-2171,Miami PIS,Air,India,Budwood/Graftwood (scion),685,13855,Myriad Flowers International
INS-7744,Miami PIS,Air,Japan,Meristem or Callus Tissue Culture (micropropagated/in vitro culture),648,62804,GroLink Plant Co.
INS-8575,Miami PIS,Air,India,"Bulb, Corm, Rhizome, Tuberous Stem",276,9669,Kitayama Brothers
INS-5664,Miami PIS,Air,Japan,Meristem or Callus Tissue Culture (micropropagated/in vitro culture),605,22770,"Matsui Nursery, Inc."
INS-4922,Miami PIS,Sea,India,"Bulb, Corm, Rhizome, Tuberous Stem",68,5888,Harts Nursery
INS-3968,Miami PIS,Train,India,"Root cutting, crown, or clump, Tuberous Root",343,2878,Operation
INS-1029,Miami PIS,Sea,India,Meristem or Callus Tissue Culture (micropropagated/in vitro culture),149,14352,Silver Terrace Nursery
INS-6941,Miami PIS,Sea,Japan,Budwood/Graftwood (scion),58,1668,Altman Plants
INS-1232,Miami PIS,Sea,Japan,Meristem or Callus Tissue Culture (micropropagated/in vitro culture),655,18729,Kerry's Bromeliads
INS-2440,Miami PIS,Train,India,"Bulb, Corm, Rhizome, Tuberous Stem",729,28203,Tagawa Greenhouses
INS-9061,Miami PIS,Air,New Zeland,"Root cutting, crown, or clump, Tuberous Root",124,1401,Westland Floral Co.
INS-1141,Miami PIS,Sea,Japan,Budwood/Graftwood (scion),3,48,Wenke Greenhouses
INS-9858,Miami PIS,Sea,India,"Bulb, Corm, Rhizome, Tuberous Stem",453,13439,Clearwater Nursery
INS-8969,Miami PIS,Sea,New Zeland,"Bulb, Corm, Rhizome, Tuberous Stem",231,9864,Twixwood Nursery LLC
INS-4435,Miami PIS,Air,Japan,"Root cutting, crown, or clump, Tuberous Root",754,30954,Kitayama Brothers
INS-7981,Miami PIS,Sea,New Zeland,"Root cutting, crown, or clump, Tuberous Root",561,31378,Twixwood Nursery LLC
INS-2372,Miami PIS,Sea,Japan,"Bulb, Corm, Rhizome, Tuberous Stem",893,43561,Henry Mast Greenhouses/Masterpiece Flower Co LLC
INS-9141,Miami PIS,Air,Japan,"Root cutting, crown, or clump, Tuberous Root",274,6986,Kent's Bromeliads Nursery Inc.
INS-4479,Miami PIS,Air,Netherlands,Meristem or Callus Tissue Culture (micropropagated/in vitro culture),843,49342,Metrolina Greenhouses
INS-2184,Miami PIS,Train,Japan,"Bulb, Corm, Rhizome, Tuberous Stem",194,17208,Kent's Bromeliads Nursery Inc.
INS-3199,Miami PIS,Air,India,"Root cutting, crown, or clump, Tuberous Root",137,1963,Armstrong Growers
INS-4946,Miami PIS,Air,India,"Root cutting, crown, or clump, Tuberous Root",150,1776,Lucas Greenhouses
INS-2399,Miami PIS,Air,New Zeland,"Bulb, Corm, Rhizome, Tuberous Stem",617,20440,Rocket Farms
INS-4741,Miami PIS,Air,India,Meristem or Callus Tissue Culture (micropropagated/in vitro culture),872,8715,Burgett Geothermal Greenhouses
INS-6805,Miami PIS,Air,Japan,Meristem or Callus Tissue Culture (micropropagated/in vitro culture),469,24845,Sunshine Floral Inc.
INS-6172,Miami PIS,Air,India,Meristem or Callus Tissue Culture (micropropagated/in vitro culture),242,9861,Valley Flowers
INS-2476,Miami PIS,Train,India,Budwood/Graftwood (scion),528,11387,Kent's Bromeliads Nursery Inc.
INS-7472,Miami PIS,Air,New Zeland,Budwood/Graftwood (scion),276,5677,Kawahara Nurseries
INS-9360,Miami PIS,Sea,Japan,Budwood/Graftwood (scion),718,50686,California Pajarosa
INS-3357,Miami PIS,Air,Netherlands,"Bulb, Corm, Rhizome, Tuberous Stem",606,41718,Hiebert Greenhouse of South Dakota
INS-1404,Miami PIS,Air,New Zeland,Meristem or Callus Tissue Culture (micropropagated/in vitro culture),50,576,Four Star Greenhouses
INS-6059,Miami PIS,Sea,India,"Root cutting, crown, or clump, Tuberous Root",4,197,Valley Flowers
INS-4392,Miami PIS,Air,New Zeland,"Bulb, Corm, Rhizome, Tuberous Stem",521,9237,Alex R. Masson
INS-5881,Miami PIS,Air,Japan,Meristem or Callus Tissue Culture (micropropagated/in vitro culture),350,22047,Smith Gardens
INS-7507,Miami PIS,Air,Netherlands,"Bulb, Corm, Rhizome, Tuberous Stem",721,32996,Clearwater Nursery
INS-8085,Miami PIS,Air,India,Budwood/Graftwood (scion),40,881,Northwest Horticulture
INS-4612,Miami PIS,Air,New Zeland,"Bulb, Corm, Rhizome, Tuberous Stem",947,30109,Mid-American Growers
INS-1712,Miami PIS,Air,New Zeland,Meristem or Callus Tissue Culture (micropropagated/in vitro culture),119,153,Hermann Engelmann Greenhouses
INS-1224,Miami PIS,Air,India,"Bulb, Corm, Rhizome, Tuberous Stem",43,3836,Operation
INS-9052,Miami PIS,Air,Japan,Meristem or Callus Tissue Culture (micropropagated/in vitro culture),563,8800,Dewar Nurseries
INS-1876,Miami PIS,Sea,New Zeland,Budwood/Graftwood (scion),252,15658,Four Star Greenhouses
INS-9944,Miami PIS,Air,Japan,"Bulb, Corm, Rhizome, Tuberous Stem",983,15167,GroLink Plant Co.
INS-6207,Miami PIS,Air,Japan,"Bulb, Corm, Rhizome, Tuberous Stem",348,8665,Altman Plants
INS-9953,Miami PIS,Air,India,Budwood/Graftwood (scion),933,55793,Harts Nursery
INS-5200,Miami PIS,Sea,Netherlands,"Root cutting, crown, or clump, Tuberous Root",942,66836,Hiebert Greenhouse of South Dakota
INS-6747,Miami PIS,Sea,India,"Bulb, Corm, Rhizome, Tuberous Stem",401,7532,"Costa Farms, LLC"
INS-9405,Miami PIS,Sea,Japan,Meristem or Callus Tissue Culture (micropropagated/in vitro culture),102,942,Henry Mast Greenhouses/Masterpiece Flower Co LLC
INS-8475,Miami PIS,Air,Japan,"Bulb, Corm, Rhizome, Tuberous Stem",279,15148,Post Gardens Inc.
INS-2187,Miami PIS,Sea,Netherlands,Meristem or Callus Tissue Culture (micropropagated/in vitro culture),265,19576,Pacifica Flowers
INS-3210,Miami PIS,Sea,India,Budwood/Graftwood (scion),720,48893,California Pajarosa
INS-6675,Miami PIS,Air,Japan,"Bulb, Corm, Rhizome, Tuberous Stem",460,11823,'Nash Greenhouses
INS-8256,Miami PIS,Sea,Japan,Meristem or Callus Tissue Culture (micropropagated/in vitro culture),835,23989,"Young's Plant Farm, Inc."
INS-6106,Miami PIS,Sea,New Zeland,Budwood/Graftwood (scion),477,25781,"Stacy's Greenhouses, Inc."
INS-3993,Miami PIS,Train,Japan,"Bulb, Corm, Rhizome, Tuberous Stem",717,30272,Timberline Nursery Inc.
INS-1323,Miami PIS,Air,Japan,Meristem or Callus Tissue Culture (micropropagated/in vitro culture),282,9101,Gallup & Stribling Orchids Inc.
INS-5293,Miami PIS,Air,India,Meristem or Callus Tissue Culture (micropropagated/in vitro culture),838,18571,Dallas Johnson Greenhouses
INS-2377,Miami PIS,Sea,Japan,Budwood/Graftwood (scion),721,60224,Van de Wetering Greenhouses Inc.
INS-3218,Miami PIS,Sea,Netherlands,"Bulb, Corm, Rhizome, Tuberous Stem",643,8866,Floral Plant Growers LLC
INS-3928,Miami PIS,Sea,Netherlands,"Bulb, Corm, Rhizome, Tuberous Stem",314,28371,Cuthbert Greenhouse
INS-8409,Miami PIS,Sea,Japan,Meristem or Callus Tissue Culture (micropropagated/in vitro culture),612,22980,"Farmers' West Flowers & Bouquets, Inc."
INS-8032,Miami PIS,Air,India,"Bulb, Corm, Rhizome, Tuberous Stem",935,9003,Barcelo Enterprises
INS-9468,Miami PIS,Train,New Zeland,"Root cutting, crown, or clump, Tuberous Root",582,43077,Delray Plants Inc.
INS-8456,Miami PIS,Air,Japan,"Bulb, Corm, Rhizome, Tuberous Stem",743,61049,Maria Gardens Greenhouses Inc.
INS-1897,Miami PIS,Air,India,"Bulb, Corm, Rhizome, Tuberous Stem",385,35101,Operation
INS-6567,Miami PIS,Sea,Japan,Budwood/Graftwood (scion),885,75503,Color Star Growers
INS-8477,Miami PIS,Sea,India,Meristem or Callus Tissue Culture (micropropagated/in vitro culture),955,10110,California Pajarosa
INS-9111,Miami PIS,Sea,Netherlands,Meristem or Callus Tissue Culture (micropropagated/in vitro culture),1,38,Bell Nursery
INS-9485,Miami PIS,Sea,Netherlands,"Bulb, Corm, Rhizome, Tuberous Stem",190,9849,Wenke Greenhouses
INS-9717,Miami PIS,Sea,Japan,Meristem or Callus Tissue Culture (micropropagated/in vitro culture),950,59437,Kent's Bromeliads Nursery Inc.
INS-4035,Miami PIS,Sea,Netherlands,Meristem or Callus Tissue Culture (micropropagated/in vitro culture),546,2192,O.F. Nelson & Sons Nursery Inc.
INS-4737,Miami PIS,Air,New Zeland,Meristem or Callus Tissue Culture (micropropagated/in vitro culture),892,5431,Paul Ecke Ranch
INS-8942,Miami PIS,Air,Netherlands,"Bulb, Corm, Rhizome, Tuberous Stem",120,3342,Barcelo Enterprises
INS-6947,Miami PIS,Sea,Netherlands,Meristem or Callus Tissue Culture (micropropagated/in vitro culture),669,32657,Colorama Wholesale Nursery
INS-1185,Miami PIS,Air,India,"Bulb, Corm, Rhizome, Tuberous Stem",70,6820,Westland Floral Co.
INS-6429,Miami PIS,Air,India,Budwood/Graftwood (scion),467,27131,"Bergen's Greenhouses, Inc."
INS-7245,Miami PIS,Sea,Netherlands,"Bulb, Corm, Rhizome, Tuberous Stem",721,2772,"Olive Hill Greenhouses, Inc."
INS-3692,Miami PIS,Air,India,Budwood/Graftwood (scion),809,60588,Plant Marketing LLC
INS-7269,Miami PIS,Train,Netherlands,"Root cutting, crown, or clump, Tuberous Root",623,21966,Lucas Greenhouses
INS-3846,Miami PIS,Air,New Zeland,Meristem or Callus Tissue Culture (micropropagated/in vitro culture),810,36878,O.F. Nelson & Sons Nursery Inc.
INS-6917,Miami PIS,Air,Japan,Budwood/Graftwood (scion),623,32893,Kitayama Brothers
INS-9050,Miami PIS,Sea,Japan,"Bulb, Corm, Rhizome, Tuberous Stem",108,748,Wenke Greenhouses
INS-8164,Miami PIS,Sea,India,Budwood/Graftwood (scion),530,41649,'Riverview Flower Farm
INS-3073,Miami PIS,Sea,New Zeland,Budwood/Graftwood (scion),968,76215,O.F. Nelson & Sons Nursery Inc.
INS-9968,Miami PIS,Sea,New Zeland,"Bulb, Corm, Rhizome, Tuberous Stem",1,22,Bailey Nurseries
INS-5542,Miami PIS,Sea,Netherlands,"Bulb, Corm, Rhizome, Tuberous Stem",654,45460,Metrolina Greenhouses
INS-1848,Miami PIS,Sea,Japan,"Bulb, Corm, Rhizome, Tuberous Stem",567,51184,Henry Mast Greenhouses/Masterpiece Flower Co LLC
INS-6700,Miami PIS,Sea,New Zeland,"Root cutting, crown, or clump, Tuberous Root",930,69658,Kerry's Bromeliads
INS-3818,Miami PIS,Air,Japan,Meristem or Callus Tissue Culture (micropropagated/in vitro culture),789,36930,California Pajarosa
INS-2502,Miami PIS,Air,New Zeland,Meristem or Callus Tissue Culture (micropropagated/in vitro culture),458,19235,Operation
INS-8902,Miami PIS,Air,Netherlands,"Bulb, Corm, Rhizome, Tuberous Stem",556,18706,Timberline Nursery Inc.
INS-7435,Miami PIS,Air,Netherlands,Budwood/Graftwood (scion),545,34998,Harts Nursery
INS-5610,Miami PIS,Air,India,Meristem or Callus Tissue Culture (micropropagated/in vitro culture),96,232,Bailey Nurseries
INS-3664,Miami PIS,Sea,Japan,"Root cutting, crown, or clump, Tuberous Root",532,1621,Rocket Farms
INS-8236,Miami PIS,Air,Japan,"Bulb, Corm, Rhizome, Tuberous Stem",230,2517,Hines Horticulture
INS-1220,Miami PIS,Train,India,"Bulb, Corm, Rhizome, Tuberous Stem",925,35837,Armstrong Growers
INS-2355,Miami PIS,Sea,Netherlands,Budwood/Graftwood (scion),8,70,Henry Mast Greenhouses/Masterpiece Flower Co LLC
INS-6822,Miami PIS,Sea,India,"Bulb, Corm, Rhizome, Tuberous Stem",540,47522,Dan Schantz Farm
INS-4659,Miami PIS,Air,Japan,Budwood/Graftwood (scion),356,5404,Smith Gardens
INS-6734,Miami PIS,Air,Japan,Meristem or Callus Tissue Culture (micropropagated/in vitro culture),211,5923,Cuthbert Greenhouse
INS-9923,Miami PIS,Sea,Netherlands,Budwood/Graftwood (scion),618,38968,Gallup & Stribling Orchids Inc.
INS-5233,Miami PIS,Sea,India,"Root cutting, crown, or clump, Tuberous Root",861,27826,Rockwell Farms Inc.
INS-2849,Miami PIS,Train,India,"Bulb, Corm, Rhizome, Tuberous Stem",352,14646,Aris (formerly Yoder Brothers)
INS-3964,Miami PIS,Air,India,"Bulb, Corm, Rhizome, Tuberous Stem",749,67328,Hines Horticulture
INS-3615,Miami PIS,Air,Japan,Meristem or Callus Tissue Culture (micropropagated/in vitro culture),732,53868,Colorama Wholesale Nursery
INS-2348,Miami PIS,Sea,India,"Root cutting, crown, or clump, Tuberous Root",212,7932,Pacifica Flowers
INS-2266,Miami PIS,Sea,New Zeland,"Root cutting, crown, or clump, Tuberous Root",382,1726,Mid-American Growers
INS-1997,Miami PIS,Air,New Zeland,"Root cutting, crown, or clump, Tuberous Root",343,18758,Hines Horticulture
INS-8752,Miami PIS,Air,New Zeland,"Root cutting, crown, or clump, Tuberous Root",682,39503,Blue Ridge Growers
INS-9508,Miami PIS,Air,India,Budwood/Graftwood (scion),8,166,Colorama Wholesale Nursery
INS-4371,Miami PIS,Air,India,"Root cutting, crown, or clump, Tuberous Root",754,60998,Mid-American Growers
INS-6825,Miami PIS,Sea,Japan,Meristem or Callus Tissue Culture (micropropagated/in vitro culture),774,5078,Johannes Flowers Inc.
INS-9333,Miami PIS,Sea,New Zeland,"Root cutting, crown, or clump, Tuberous Root",634,38444,Rockwell Farms Inc.
INS-1881,Miami PIS,Sea,Japan,"Bulb, Corm, Rhizome, Tuberous Stem",181,14102,Pacifica Flowers
INS-1004,Miami PIS,Air,India,Budwood/Graftwood (scion),925,92470,Valley Flowers
INS-9681,Miami PIS,Air,Netherlands,"Root cutting, crown, or clump, Tuberous Root",805,42483,Van Wingerden International Inc.
INS-8939,Miami PIS,Sea,India,"Bulb, Corm, Rhizome, Tuberous Stem",855,80437,Floral Plant Growers LLC
INS-4804,Miami PIS,Air,India,Meristem or Callus Tissue Culture (micropropagated/in vitro culture),638,24613,Pacifica Flowers
INS-7351,Miami PIS,Air,India,"Bulb, Corm, Rhizome, Tuberous Stem",216,2427,Kube-Pak
INS-6615,Miami PIS,Air,Japan,Meristem or Callus Tissue Culture (micropropagated/in vitro culture),659,13973,Dan & Jerry's Greenhouse
INS-5197,Miami PIS,Air,Japan,"Bulb, Corm, Rhizome, Tuberous Stem",875,6563,Floral Plant Growers LLC
INS-9632,Miami PIS,Sea,Japan,"Root cutting, crown, or clump, Tuberous Root",597,9105,Westland Floral Co.
INS-4061,Miami PIS,Sea,New Zeland,"Root cutting, crown, or clump, Tuberous Root",959,87747,Metrolina Greenhouses
INS-7630,Miami PIS,Sea,Japan,Meristem or Callus Tissue Culture (micropropagated/in vitro culture),777,37348,Van de Wetering Greenhouses Inc.
INS-4193,Miami PIS,Sea,India,"Root cutting, crown, or clump, Tuberous Root",309,18540,Metrolina Greenhouses
INS-7724,Miami PIS,Air,Japan,"Bulb, Corm, Rhizome, Tuberous Stem",15,981,Dan & Jerry's Greenhouse
INS-7381,Miami PIS,Air,New Zeland,Budwood/Graftwood (scion),893,65091,Maria Gardens Greenhouses Inc.
INS-6265,Miami PIS,Sea,New Zeland,"Bulb, Corm, Rhizome, Tuberous Stem",261,6067,Rocket Farms
INS-7533,Miami PIS,Air,India,"Bulb, Corm, Rhizome, Tuberous Stem",884,65709,Hermann Engelmann Greenhouses
INS-8372,Miami PIS,Sea,Japan,Meristem or Callus Tissue Culture (micropropagated/in vitro culture),638,51602,Floral Plant Growers LLC
INS-2429,Miami PIS,Air,India,"Root cutting, crown, or clump, Tuberous Root",271,22979,Green Valley Growers
INS-3947,Miami PIS,Sea,Netherlands,"Bulb, Corm, Rhizome, Tuberous Stem",968,18444,Colorama Wholesale Nursery
INS-5244,Miami PIS,Sea,India,Meristem or Callus Tissue Culture (micropropagated/in vitro culture),476,42016,Woodburn Nursery & Azaleas
INS-1418,Miami PIS,Air,Japan,"Bulb, Corm, Rhizome, Tuberous Stem",814,37729,"Matsui Nursery, Inc."
INS-7530,Miami PIS,Sea,Japan,Budwood/Graftwood (scion),985,10359,Battlefield Farms
INS-5285,Miami PIS,Sea,Netherlands,"Bulb, Corm, Rhizome, Tuberous Stem",118,4638,GroLink Plant Co.
INS-8000,Miami PIS,Air,India,Budwood/Graftwood (scion),855,36513,Altman Plants
INS-3564,Miami PIS,Air,New Zeland,Meristem or Callus Tissue Culture (micropropagated/in vitro culture),948,42301,Bailey Nurseries
INS-9183,Miami PIS,Air,Japan,Meristem or Callus Tissue Culture (micropropagated/in vitro culture),342,30676,Operation
INS-2620,Miami PIS,Sea,New Zeland,Budwood/Graftwood (scion),300,28618,Dallas Johnson Greenhouses
INS-8079,Miami PIS,Sea,Netherlands,Meristem or Callus Tissue Culture (micropropagated/in vitro culture),638,25889,"Matsui Nursery, Inc."
INS-1520,Miami PIS,Sea,India,Budwood/Graftwood (scion),180,14246,Altman Plants
INS-2293,Miami PIS,Sea,India,"Root cutting, crown, or clump, Tuberous Root",971,63679,Alex R. Masson
INS-1884,Miami PIS,Air,Japan,"Root cutting, crown, or clump, Tuberous Root",603,26974,Milgro Nursery Inc.
INS-8572,Miami PIS,Sea,Japan,Budwood/Graftwood (scion),97,7382,Rockwell Farms Inc.
INS-9310,Miami PIS,Sea,Netherlands,"Bulb, Corm, Rhizome, Tuberous Stem",393,30107,Maria Gardens Greenhouses Inc.
INS-9791,Miami PIS,Sea,India,"Bulb, Corm, Rhizome, Tuberous Stem",382,23893,Battlefield Farms
INS-3162,Miami PIS,Sea,Japan,"Bulb, Corm, Rhizome, Tuberous Stem",369,36219,Young's Nursery & Greenhouses
INS-6492,Miami PIS,Air,Japan,Meristem or Callus Tissue Culture (micropropagated/in vitro culture),245,6706,Elzinga & Hoeksema Greenhouses
INS-2140,Miami PIS,Air,India,"Root cutting, crown, or clump, Tuberous Root",253,10963,Dallas Johnson Greenhouses
INS-1119,Miami PIS,Sea,India,"Root cutting, crown, or clump, Tuberous Root",585,12252,Silver Terrace Nursery
INS-7575,Miami PIS,Train,India,Meristem or Callus Tissue Culture (micropropagated/in vitro culture),12,883,Ocean Breeze International
INS-7572,Miami PIS,Air,Netherlands,Budwood/Graftwood (scion),404,29351,Sawyer Nursery
INS-2582,Miami PIS,Sea,India,"Bulb, Corm, Rhizome, Tuberous Stem",776,75120,O.F. Nelson & Sons Nursery Inc.
INS-1805,Miami PIS,Sea,India,Budwood/Graftwood (scion),891,50982,Four Star Greenhouses
INS-7484,Miami PIS,Air,Netherlands,Meristem or Callus Tissue Culture (micropropagated/in vitro culture),41,1475,Altman Plants
INS-6677,Miami PIS,Train,New Zeland,"Bulb, Corm, Rhizome, Tuberous Stem",743,38210,O.F. Nelson & Sons Nursery Inc.
INS-1013,Miami PIS,Sea,Japan,"Bulb, Corm, Rhizome, Tuberous Stem",960,55685,Van de Wetering Greenhouses Inc.
INS-1230,Miami PIS,Sea,Netherlands,Meristem or Callus Tissue Culture (micropropagated/in vitro culture),563,9246,Operation
INS-3737,Miami PIS,Air,New Zeland,"Bulb, Corm, Rhizome, Tuberous Stem",376,12735,Green Valley Growers
INS-3102,Miami PIS,Air,Netherlands,"Root cutting, crown, or clump, Tuberous Root",7,348,Green Circle Growers
INS-6287,Miami PIS,Air,India,Budwood/Graftwood (scion),302,14741,Van de Wetering Greenhouses Inc.
INS-3449,Miami PIS,Air,Japan,"Bulb, Corm, Rhizome, Tuberous Stem",854,37744,Color Star Growers
INS-1310,Miami PIS,Air,India,Meristem or Callus Tissue Culture (micropropagated/in vitro culture),979,69004,Lucas Greenhouses
INS-7034,Miami PIS,Sea,New Zeland,Meristem or Callus Tissue Culture (micropropagated/in vitro culture),522,15687,El Modeno Gardens Inc.
INS-1816,Miami PIS,Sea,Netherlands,"Root cutting, crown, or clump, Tuberous Root",183,15374,Wenke Greenhouses
INS-7302,Miami PIS,Air,New Zeland,"Root cutting, crown, or clump, Tuberous Root",871,27235,Dewar Nurseries
INS-4386,Miami PIS,Sea,Netherlands,"Root cutting, crown, or clump, Tuberous Root",19,300,Sawyer Nursery
INS-1061,Miami PIS,Air,Japan,"Bulb, Corm, Rhizome, Tuberous Stem",177,3219,Kerry's Bromeliads
INS-7108,Miami PIS,Sea,India,"Bulb, Corm, Rhizome, Tuberous Stem",204,7310,Aldershot of New Mexico Inc.
INS-6478,Miami PIS,Air,Japan,Budwood/Graftwood (scion),815,17257,Petitti Garden Center (Casa Verde)
INS-5914,Miami PIS,Sea,Japan,"Bulb, Corm, Rhizome, Tuberous Stem",870,26071,Timberline Nursery Inc.
INS-2119,Miami PIS,Sea,Netherlands,Budwood/Graftwood (scion),590,38821,Dewar Nurseries
INS-2814,Miami PIS,Air,India,"Bulb, Corm, Rhizome, Tuberous Stem",977,3975,Mid-American Growers
INS-2463,Miami PIS,Sea,Japan,Budwood/Graftwood (scion),946,78283,Bob's Market & Greenhouses Inc.
INS-6058,Miami PIS,Sea,Japan,"Bulb, Corm, Rhizome, Tuberous Stem",620,2114,Paul Ecke Ranch
INS-1703,Miami PIS,Sea,Netherlands,Meristem or Callus Tissue Culture (micropropagated/in vitro culture),317,20382,DeLeon's Bromeliads
INS-4891,Miami PIS,Air,Japan,"Bulb, Corm, Rhizome, Tuberous Stem",486,15505,Valley Flowers
INS-4189,Miami PIS,Sea,India,"Bulb, Corm, Rhizome, Tuberous Stem",791,38357,El Modeno Gardens Inc.
INS-1786,Miami PIS,Air,Netherlands,Meristem or Callus Tissue Culture (micropropagated/in vitro culture),693,20096,"Farmers' West Flowers & Bouquets, Inc."
INS-8509,Miami PIS,Train,Japan,Budwood/Graftwood (scion),412,39122,Panzer Nursery
INS-3930,Miami PIS,Sea,Japan,"Bulb, Corm, Rhizome, Tuberous Stem",471,6545,Operation
INS-6127,Miami PIS,Air,New Zeland,Meristem or Callus Tissue Culture (micropropagated/in vitro culture),443,7557,Alex R. Masson
INS-4982,Miami PIS,Train,New Zeland,"Bulb, Corm, Rhizome, Tuberous Stem",945,47447,Paul Ecke Ranch
INS-4332,Miami PIS,Sea,India,"Bulb, Corm, Rhizome, Tuberous Stem",382,4380,Wenke Greenhouses
INS-5761,Miami PIS,Air,Japan,Meristem or Callus Tissue Culture (micropropagated/in vitro culture),591,48447,"Bergen's Greenhouses, Inc."
INS-9179,Miami PIS,Sea,New Zeland,Meristem or Callus Tissue Culture (micropropagated/in vitro culture),436,34113,Bell Nursery
INS-4457,Miami PIS,Air,New Zeland,Meristem or Callus Tissue Culture (micropropagated/in vitro culture),293,12514,Operation
INS-8707,Miami PIS,Air,India,Meristem or Callus Tissue Culture (micropropagated/in vitro culture),940,24501,Kerry's Bromeliads
INS-8599,Miami PIS,Sea,India,"Root cutting, crown, or clump, Tuberous Root",682,23185,Metrolina Greenhouses
INS-2239,Miami PIS,Sea,India,"Root cutting, crown, or clump, Tuberous Root",231,16828,Woodburn Nursery & Azaleas
INS-5558,Miami PIS,Air,Japan,"Bulb, Corm, Rhizome, Tuberous Stem",28,2483,Tagawa Greenhouses
INS-3277,Miami PIS,Air,Japan,"Bulb, Corm, Rhizome, Tuberous Stem",112,1726,Kube-Pak
INS-4819,Miami PIS,Air,Japan,Meristem or Callus Tissue Culture (micropropagated/in vitro culture),463,39809,Pacifica Flowers
INS-3562,Miami PIS,Sea,Netherlands,"Root cutting, crown, or clump, Tuberous Root",959,37651,Maria Gardens Greenhouses Inc.
INS-6141,Miami PIS,Air,India,"Bulb, Corm, Rhizome, Tuberous Stem",931,7455,Young's Nursery & Greenhouses
INS-1298,Miami PIS,Air,Japan,Meristem or Callus Tissue Culture (micropropagated/in vitro culture),2,148,Operation
INS-9128,Miami PIS,Sea,India,"Root cutting, crown, or clump, Tuberous Root",119,5077,Timberline Nursery Inc.
INS-1856,Miami PIS,Air,New Zeland,"Bulb, Corm, Rhizome, Tuberous Stem",72,212,Petitti Garden Center (Casa Verde)
INS-3233,Miami PIS,Sea,India,Meristem or Callus Tissue Culture (micropropagated/in vitro culture),571,39639,Maria Gardens Greenhouses Inc.
INS-8662,Miami PIS,Sea,India,"Bulb, Corm, Rhizome, Tuberous Stem",983,25021,Aldershot of New Mexico Inc.
INS-7772,Miami PIS,Air,India,"Root cutting, crown, or clump, Tuberous Root",674,37896,Maria Gardens Greenhouses Inc.
INS-5372,Miami PIS,Air,India,"Root cutting, crown, or clump, Tuberous Root",342,18748,Nurserymen's Exchange
INS-5273,Miami PIS,Train,Japan,Budwood/Graftwood (scion),811,3444,Gallup & Stribling Orchids Inc.
INS-3924,Miami PIS,Air,Japan,Budwood/Graftwood (scion),84,2496,Barcelo Enterprises
INS-6866,Miami PIS,Sea,Netherlands,"Root cutting, crown, or clump, Tuberous Root",638,9823,Elzinga & Hoeksema Greenhouses
INS-6296,Miami PIS,Air,New Zeland,"Root cutting, crown, or clump, Tuberous Root",323,11735,The Sun Valley Group
INS-2652,Miami PIS,Air,Netherlands,Meristem or Callus Tissue Culture (micropropagated/in vitro culture),823,67186,"B&H Flowers, Inc."
INS-9014,Miami PIS,Sea,Japan,"Bulb, Corm, Rhizome, Tuberous Stem",103,3101,Westland Floral Co.
INS-8047,Miami PIS,Sea,India,Meristem or Callus Tissue Culture (micropropagated/in vitro culture),654,58332,Bay City Flowers
INS-7611,Los Angeles PIS,Air,New Zeland,"Bulb, Corm, Rhizome, Tuberous Stem",419,2940,Panzer Nursery
INS-6155,Los Angeles PIS,Train,Japan,Budwood/Graftwood (scion),851,13775,Rocket Farms
INS-6833,Los Angeles PIS,Air,Japan,"Bulb, Corm, Rhizome, Tuberous Stem",419,32983,Burgett Geothermal Greenhouses
INS-6138,Los Angeles PIS,Sea,Japan,Budwood/Graftwood (scion),963,69935,Welby Gardens Co. Inc.
INS-4039,Los Angeles PIS,Sea,Netherlands,"Bulb, Corm, Rhizome, Tuberous Stem",86,6259,Hiebert Greenhouse of South Dakota
INS-4685,Los Angeles PIS,Sea,Japan,Meristem or Callus Tissue Culture (micropropagated/in vitro culture),205,17819,Sunshine Floral Inc.
INS-8831,Los Angeles PIS,Truck,Japan,Meristem or Callus Tissue Culture (micropropagated/in vitro culture),39,1442,White's Nursery & Greenhouses Inc.
INS-3263,Los Angeles PIS,Air,India,Budwood/Graftwood (scion),998,24926,Kitayama Brothers
INS-1908,Los Angeles PIS,Train,Japan,Meristem or Callus Tissue Culture (micropropagated/in vitro culture),478,43247,"Stacy's Greenhouses, Inc."
INS-7048,Los Angeles PIS,Air,India,"Bulb, Corm, Rhizome, Tuberous Stem",711,17527,Dan Schantz Farm
INS-2382,Los Angeles PIS,Air,Japan,Meristem or Callus Tissue Culture (micropropagated/in vitro culture),55,5429,"Costa Farms, LLC"
INS-9611,Los Angeles PIS,Air,New Zeland,"Root cutting, crown, or clump, Tuberous Root",470,37472,Petitti Garden Center (Casa Verde)
INS-3556,Los Angeles PIS,Air,India,Meristem or Callus Tissue Culture (micropropagated/in vitro culture),848,24171,Woodburn Nursery & Azaleas
INS-9380,Los Angeles PIS,Air,India,Meristem or Callus Tissue Culture (micropropagated/in vitro culture),33,2684,"Stacy's Greenhouses, Inc."
INS-1410,Los Angeles PIS,Sea,New Zeland,Budwood/Graftwood (scion),335,20935,Green Circle Growers
INS-3570,Los Angeles PIS,Sea,Japan,"Bulb, Corm, Rhizome, Tuberous Stem",827,12745,Ocean Breeze International
INS-1751,Los Angeles PIS,Air,India,"Bulb, Corm, Rhizome, Tuberous Stem",350,14813,"Matsui Nursery, Inc."
INS-9518,Los Angeles PIS,Air,Japan,"Bulb, Corm, Rhizome, Tuberous Stem",360,116,Gallup & Stribling Orchids Inc.
INS-7504,Los Angeles PIS,Sea,New Zeland,"Root cutting, crown, or clump, Tuberous Root",166,14485,Metrolina Greenhouses
INS-8926,Los Angeles PIS,Train,Netherlands,Budwood/Graftwood (scion),820,11732,Henry Mast Greenhouses/Masterpiece Flower Co LLC
INS-7018,Los Angeles PIS,Sea,New Zeland,"Bulb, Corm, Rhizome, Tuberous Stem",270,12829,Milgro Nursery Inc.
INS-7989,Los Angeles PIS,Sea,New Zeland,"Bulb, Corm, Rhizome, Tuberous Stem",834,15866,"Stacy's Greenhouses, Inc."
INS-7722,Los Angeles PIS,Sea,India,Meristem or Callus Tissue Culture (micropropagated/in vitro culture),649,2235,Green Circle Growers
INS-3880,Los Angeles PIS,Air,India,"Bulb, Corm, Rhizome, Tuberous Stem",96,1578,Tagawa Greenhouses
INS-4451,Los Angeles PIS,Air,India,Meristem or Callus Tissue Culture (micropropagated/in vitro culture),204,4932,Twixwood Nursery LLC
INS-9645,Los Angeles PIS,Sea,New Zeland,"Bulb, Corm, Rhizome, Tuberous Stem",116,5318,Barcelo Enterprises
INS-3335,Los Angeles PIS,Air,New Zeland,Budwood/Graftwood (scion),792,39390,Bob's Market & Greenhouses Inc.
INS-8148,Los Angeles PIS,Truck,India,"Root cutting, crown, or clump, Tuberous Root",271,3019,"Young's Plant Farm, Inc."
INS-9970,Los Angeles PIS,Sea,New Zeland,Meristem or Callus Tissue Culture (micropropagated/in vitro culture),261,100,Colorama Wholesale Nursery
INS-4772,Los Angeles PIS,Sea,Netherlands,Meristem or Callus Tissue Culture (micropropagated/in vitro culture),242,16297,Colorama Wholesale Nursery
INS-5659,Los Angeles PIS,Train,Japan,Budwood/Graftwood (scion),551,37433,Dan Schantz Farm
INS-1145,Los Angeles PIS,Air,India,Budwood/Graftwood (scion),781,31662,Bob's Market & Greenhouses Inc.
INS-8690,Los Angeles PIS,Sea,New Zeland,"Bulb, Corm, Rhizome, Tuberous Stem",703,60240,Paul Ecke Ranch
INS-7047,Los Angeles PIS,Sea,Netherlands,"Bulb, Corm, Rhizome, Tuberous Stem",140,7913,Plant Marketing LLC
INS-8153,Los Angeles PIS,Sea,Netherlands,Budwood/Graftwood (scion),678,36779,DeLeon's Bromeliads
INS-4962,Los Angeles PIS,Air,Japan,"Bulb, Corm, Rhizome, Tuberous Stem",633,16155,Heartland Growers
INS-1430,Los Angeles PIS,Air,New Zeland,"Bulb, Corm, Rhizome, Tuberous Stem",333,4496,Paul Ecke Ranch
INS-9232,Los Angeles PIS,Sea,Japan,"Bulb, Corm, Rhizome, Tuberous Stem",76,164,Maria Gardens Greenhouses Inc.
INS-7112,Los Angeles PIS,Train,India,"Bulb, Corm, Rhizome, Tuberous Stem",523,31350,O.F. Nelson & Sons Nursery Inc.
INS-8550,Los Angeles PIS,Sea,New Zeland,Meristem or Callus Tissue Culture (micropropagated/in vitro culture),437,11551,Alex R. Masson
INS-3250,Los Angeles PIS,Air,Japan,Meristem or Callus Tissue Culture (micropropagated/in vitro culture),677,27852,Kurt Weiss Greenhouses
INS-6733,Los Angeles PIS,Air,New Zeland,Meristem or Callus Tissue Culture (micropropagated/in vitro culture),397,7337,Battlefield Farms
INS-3858,Los Angeles PIS,Train,Japan,"Bulb, Corm, Rhizome, Tuberous Stem",501,48820,California Pajarosa
INS-9163,Los Angeles PIS,Air,India,Meristem or Callus Tissue Culture (micropropagated/in vitro culture),829,75205,"Costa Farms, LLC"
INS-7693,Los Angeles PIS,Air,Japan,Meristem or Callus Tissue Culture (micropropagated/in vitro culture),500,30968,"B&H Flowers, Inc."
INS-3460,Los Angeles PIS,Sea,Japan,Meristem or Callus Tissue Culture (micropropagated/in vitro culture),848,69868,Dewar Nurseries
INS-8425,Los Angeles PIS,Sea,India,"Bulb, Corm, Rhizome, Tuberous Stem",276,1280,Valley Flowers
INS-4650,Los Angeles PIS,Air,India,Meristem or Callus Tissue Culture (micropropagated/in vitro culture),88,5431,Four Star Greenhouses
INS-6102,Los Angeles PIS,Train,New Zeland,"Root cutting, crown, or clump, Tuberous Root",578,34423,Nurserymen's Exchange
INS-7434,Los Angeles PIS,Air,Japan,Budwood/Graftwood (scion),99,5275,Dewar Nurseries
INS-4534,Los Angeles PIS,Train,Japan,Meristem or Callus Tissue Culture (micropropagated/in vitro culture),847,5545,Rockwell Farms Inc.
INS-9015,Los Angeles PIS,Train,Japan,"Bulb, Corm, Rhizome, Tuberous Stem",388,1430,Delray Plants Inc.
INS-5333,Los Angeles PIS,Sea,Netherlands,"Bulb, Corm, Rhizome, Tuberous Stem",501,40768,California Pajarosa
INS-5167,Los Angeles PIS,Air,India,"Bulb, Corm, Rhizome, Tuberous Stem",72,3384,California Pajarosa
INS-9863,Los Angeles PIS,Air,Japan,"Bulb, Corm, Rhizome, Tuberous Stem",27,301,Armstrong Growers
INS-8632,Los Angeles PIS,Air,New Zeland,Budwood/Graftwood (scion),171,10117,El Modeno Gardens Inc.
INS-4681,Los Angeles PIS,Air,Netherlands,Meristem or Callus Tissue Culture (micropropagated/in vitro culture),771,57772,Alex R. Masson
INS-4012,Los Angeles PIS,Sea,Japan,Meristem or Callus Tissue Culture (micropropagated/in vitro culture),247,20448,Sawyer Nursery
INS-5298,Los Angeles PIS,Air,India,Meristem or Callus Tissue Culture (micropropagated/in vitro culture),937,7640,Rocket Farms
INS-9067,Los Angeles PIS,Sea,New Zeland,Budwood/Graftwood (scion),835,76569,Ocean Breeze International
INS-4813,Los Angeles PIS,Sea,New Zeland,"Bulb, Corm, Rhizome, Tuberous Stem",818,58189,Garden State Growers
INS-9491,Los Angeles PIS,Sea,New Zeland,Meristem or Callus Tissue Culture (micropropagated/in vitro culture),137,11948,"Stacy's Greenhouses, Inc."
INS-2983,Los Angeles PIS,Air,Japan,Meristem or Callus Tissue Culture (micropropagated/in vitro culture),810,39582,Kube-Pak
INS-1585,Los Angeles PIS,Sea,Netherlands,"Root cutting, crown, or clump, Tuberous Root",888,86274,Armstrong Growers
INS-5741,Los Angeles PIS,Sea,India,Meristem or Callus Tissue Culture (micropropagated/in vitro culture),908,70779,Sunshine Floral Inc.
INS-4273,Los Angeles PIS,Air,India,"Bulb, Corm, Rhizome, Tuberous Stem",270,8730,Kube-Pak
INS-1255,Los Angeles PIS,Sea,Netherlands,Budwood/Graftwood (scion),683,11499,Panzer Nursery
INS-7806,Los Angeles PIS,Air,India,"Root cutting, crown, or clump, Tuberous Root",308,13148,Twixwood Nursery LLC
INS-5147,Los Angeles PIS,Air,Netherlands,"Root cutting, crown, or clump, Tuberous Root",610,22980,Dramm & Echter Inc.
INS-1438,Los Angeles PIS,Air,India,"Bulb, Corm, Rhizome, Tuberous Stem",723,22467,Van Wingerden International Inc.
INS-3088,Los Angeles PIS,Sea,India,Budwood/Graftwood (scion),770,57772,GroLink Plant Co.
INS-7323,Los Angeles PIS,Sea,Netherlands,Budwood/Graftwood (scion),747,15592,Petitti Garden Center (Casa Verde)
INS-9804,Los Angeles PIS,Sea,Japan,"Bulb, Corm, Rhizome, Tuberous Stem",952,17007,Twixwood Nursery LLC
INS-1976,Los Angeles PIS,Sea,Japan,Meristem or Callus Tissue Culture (micropropagated/in vitro culture),295,25161,Dallas Johnson Greenhouses
INS-1599,Los Angeles PIS,Air,Japan,"Root cutting, crown, or clump, Tuberous Root",572,55490,"Young's Plant Farm, Inc."
INS-4062,Los Angeles PIS,Air,India,"Root cutting, crown, or clump, Tuberous Root",949,29869,Sunshine Floral Inc.
INS-4252,Los Angeles PIS,Train,Japan,"Root cutting, crown, or clump, Tuberous Root",500,3315,Four Star Greenhouses
INS-6210,Los Angeles PIS,Truck,Netherlands,"Bulb, Corm, Rhizome, Tuberous Stem",933,61042,Hermann Engelmann Greenhouses
INS-4212,Los Angeles PIS,Air,India,Meristem or Callus Tissue Culture (micropropagated/in vitro culture),746,27850,Polk Nursery Company Inc.
INS-5590,Los Angeles PIS,Air,New Zeland,Meristem or Callus Tissue Culture (micropropagated/in vitro culture),495,34965,Rocket Farms
INS-3529,Los Angeles PIS,Sea,Japan,Meristem or Callus Tissue Culture (micropropagated/in vitro culture),512,37980,Ocean Breeze International
INS-4456,Los Angeles PIS,Sea,New Zeland,Meristem or Callus Tissue Culture (micropropagated/in vitro culture),596,7309,Milgro Nursery Inc.
INS-6526,Los Angeles PIS,Air,India,Meristem or Callus Tissue Culture (micropropagated/in vitro culture),513,41056,Plant Marketing LLC
INS-6813,Los Angeles PIS,Sea,Netherlands,Budwood/Graftwood (scion),774,31237,Lucas Greenhouses
INS-9538,Los Angeles PIS,Air,Netherlands,Budwood/Graftwood (scion),599,30988,Westland Floral Co.
INS-3586,Los Angeles PIS,Air,New Zeland,Meristem or Callus Tissue Culture (micropropagated/in vitro culture),52,1057,Gallup & Stribling Orchids Inc.
INS-2329,Los Angeles PIS,Train,India,"Bulb, Corm, Rhizome, Tuberous Stem",468,14775,Panzer Nursery
INS-1155,Los Angeles PIS,Air,Japan,"Bulb, Corm, Rhizome, Tuberous Stem",431,6580,Paul Ecke Ranch
INS-5021,Los Angeles PIS,Sea,India,Meristem or Callus Tissue Culture (micropropagated/in vitro culture),930,15439,El Modeno Gardens Inc.
INS-8142,Los Angeles PIS,Sea,India,Budwood/Graftwood (scion),672,19350,Henry Mast Greenhouses/Masterpiece Flower Co LLC
INS-3868,Los Angeles PIS,Air,Japan,"Bulb, Corm, Rhizome, Tuberous Stem",964,79296,Mid-American Growers
INS-1581,Los Angeles PIS,Truck,New Zeland,Meristem or Callus Tissue Culture (micropropagated/in vitro culture),875,13191,"B&H Flowers, Inc."
INS-1848,Los Angeles PIS,Train,Japan,"Root cutting, crown, or clump, Tuberous Root",243,20554,Sunshine Floral Inc.
INS-6156,Los Angeles PIS,Sea,New Zeland,"Root cutting, crown, or clump, Tuberous Root",98,4940,Van Wingerden International Inc.
INS-4873,Los Angeles PIS,Train,New Zeland,Budwood/Graftwood (scion),527,7158,Northwest Horticulture
INS-3065,Los Angeles PIS,Air,Japan,"Root cutting, crown, or clump, Tuberous Root",927,42385,Aris (formerly Yoder Brothers)
INS-3269,Los Angeles PIS,Sea,Netherlands,"Bulb, Corm, Rhizome, Tuberous Stem",230,15077,Silver Terrace Nursery
INS-3075,Los Angeles PIS,Sea,Japan,"Bulb, Corm, Rhizome, Tuberous Stem",239,23148,Harts Nursery
INS-6378,Los Angeles PIS,Sea,India,Meristem or Callus Tissue Culture (micropropagated/in vitro culture),191,5827,GroLink Plant Co.
INS-8848,Los Angeles PIS,Air,Japan,"Bulb, Corm, Rhizome, Tuberous Stem",315,10507,Polk Nursery Company Inc.
INS-5649,Atlanta PIS,Sea,Netherlands,Meristem or Callus Tissue Culture (micropropagated/in vitro culture),600,2680,Van de Wetering Greenhouses Inc.
INS-7145,Atlanta PIS,Air,Japan,"Bulb, Corm, Rhizome, Tuberous Stem",285,27499,'Nash Greenhouses
INS-4620,Atlanta PIS,Air,India,Meristem or Callus Tissue Culture (micropropagated/in vitro culture),560,11456,Blue Ridge Growers
INS-8236,Atlanta PIS,Air,Netherlands,"Bulb, Corm, Rhizome, Tuberous Stem",301,4530,Kerry's Bromeliads
INS-7546,Atlanta PIS,Air,Japan,"Root cutting, crown, or clump, Tuberous Root",403,33738,Polk Nursery Company Inc.
INS-2934,Atlanta PIS,Air,New Zeland,Meristem or Callus Tissue Culture (micropropagated/in vitro culture),928,90985,GroLink Plant Co.
INS-8926,Atlanta PIS,Air,India,Budwood/Graftwood (scion),210,18237,"Olive Hill Greenhouses, Inc."
INS-9555,Atlanta PIS,Air,India,"Bulb, Corm, Rhizome, Tuberous Stem",479,32905,Maria Gardens Greenhouses Inc.
INS-1234,Atlanta PIS,Air,Japan,"Bulb, Corm, Rhizome, Tuberous Stem",616,48599,Color Star Growers
INS-6910,Atlanta PIS,Air,New Zeland,Budwood/Graftwood (scion),106,2125,Operation
INS-4739,Atlanta PIS,Air,Japan,Meristem or Callus Tissue Culture (micropropagated/in vitro culture),718,46214,Rocket Farms
INS-2103,Atlanta PIS,Air,India,"Bulb, Corm, Rhizome, Tuberous Stem",445,26548,Westland Floral Co.
INS-2790,Atlanta PIS,Air,Netherlands,"Bulb, Corm, Rhizome, Tuberous Stem",344,33883,Welby Gardens Co. Inc.
INS-8681,Atlanta PIS,Air,Japan,Meristem or Callus Tissue Culture (micropropagated/in vitro culture),960,37792,Hermann Engelmann Greenhouses
INS-8890,Atlanta PIS,Sea,Netherlands,"Root cutting, crown, or clump, Tuberous Root",96,9568,Ocean Breeze International
INS-4117,Atlanta PIS,Air,Japan,Meristem or Callus Tissue Culture (micropropagated/in vitro culture),857,14671,Operation
INS-2441,Atlanta PIS,Train,Japan,"Bulb, Corm, Rhizome, Tuberous Stem",453,17498,Kent's Bromeliads Nursery Inc.
INS-9228,Atlanta PIS,Air,Netherlands,Meristem or Callus Tissue Culture (micropropagated/in vitro culture),474,12428,Plant Marketing LLC
INS-3225,Atlanta PIS,Sea,Netherlands,Meristem or Callus Tissue Culture (micropropagated/in vitro culture),704,34571,GroLink Plant Co.
INS-1821,Atlanta PIS,Air,Netherlands,Budwood/Graftwood (scion),175,14303,'Nash Greenhouses
INS-8232,Atlanta PIS,Air,India,"Bulb, Corm, Rhizome, Tuberous Stem",898,34602,Welby Gardens Co. Inc.
INS-2474,Atlanta PIS,Air,Japan,Budwood/Graftwood (scion),714,15475,Gallup & Stribling Orchids Inc.
INS-5540,Atlanta PIS,Air,New Zeland,Budwood/Graftwood (scion),215,19631,Van de Wetering Greenhouses Inc.
INS-4788,Atlanta PIS,Air,India,"Bulb, Corm, Rhizome, Tuberous Stem",416,9619,Dan Schantz Farm
INS-7522,Atlanta PIS,Sea,Japan,"Root cutting, crown, or clump, Tuberous Root",523,44687,Color Star Growers
INS-8841,Atlanta PIS,Air,India,Budwood/Graftwood (scion),77,6685,Lucas Greenhouses
INS-9037,Atlanta PIS,Air,Japan,"Root cutting, crown, or clump, Tuberous Root",470,15175,Bell Nursery
INS-1183,Atlanta PIS,Air,Netherlands,Meristem or Callus Tissue Culture (micropropagated/in vitro culture),196,12962,DeLeon's Bromeliads
INS-9582,Atlanta PIS,Air,New Zeland,"Bulb, Corm, Rhizome, Tuberous Stem",317,19770,"Farmers' West Flowers & Bouquets, Inc."
INS-3607,Atlanta PIS,Air,India,"Bulb, Corm, Rhizome, Tuberous Stem",311,30612,Van de Wetering Greenhouses Inc.
INS-9003,Atlanta PIS,Air,Netherlands,Budwood/Graftwood (scion),893,67310,Pacifica Flowers
INS-8197,Atlanta PIS,Air,Japan,Budwood/Graftwood (scion),760,68572,Colorama Wholesale Nursery
INS-9257,Atlanta PIS,Air,India,Meristem or Callus Tissue Culture (micropropagated/in vitro culture),32,1327,The Sun Valley Group
INS-2582,Atlanta PIS,Air,Netherlands,"Bulb, Corm, Rhizome, Tuberous Stem",577,31405,Bob's Market & Greenhouses Inc.
INS-7698,Atlanta PIS,Sea,Japan,Meristem or Callus Tissue Culture (micropropagated/in vitro culture),675,66728,Sunshine Floral Inc.
INS-1677,Atlanta PIS,Air,Netherlands,"Bulb, Corm, Rhizome, Tuberous Stem",83,650,Tagawa Greenhouses
INS-9698,Atlanta PIS,Air,Japan,"Bulb, Corm, Rhizome, Tuberous Stem",17,1281,Welby Gardens Co. Inc.
INS-1623,Atlanta PIS,Air,India,Budwood/Graftwood (scion),366,1511,Four Star Greenhouses
INS-7207,Atlanta PIS,Sea,India,"Bulb, Corm, Rhizome, Tuberous Stem",911,23763,Aldershot of New Mexico Inc.
INS-9626,Atlanta PIS,Air,New Zeland,Budwood/Graftwood (scion),354,13979,DeLeon's Bromeliads
INS-7203,Atlanta PIS,Air,India,Budwood/Graftwood (scion),744,9637,Plant Marketing LLC
INS-4559,Atlanta PIS,Air,Japan,Meristem or Callus Tissue Culture (micropropagated/in vitro culture),859,23507,Kerry's Bromeliads
INS-3620,Atlanta PIS,Sea,India,"Root cutting, crown, or clump, Tuberous Root",763,43708,Henry Mast Greenhouses/Masterpiece Flower Co LLC
INS-9171,Atlanta PIS,Air,Japan,Budwood/Graftwood (scion),112,8084,Kitayama Brothers
INS-9701,Atlanta PIS,Sea,Japan,Meristem or Callus Tissue Culture (micropropagated/in vitro culture),607,47712,"Farmers' West Flowers & Bouquets, Inc."
INS-2060,Atlanta PIS,Air,Japan,Budwood/Graftwood (scion),329,1756,Tagawa Greenhouses
INS-8562,Atlanta PIS,Air,India,Budwood/Graftwood (scion),620,39210,"Matsui Nursery, Inc."
INS-8238,Atlanta PIS,Air,India,Budwood/Graftwood (scion),443,4857,Dewar Nurseries
INS-9978,Atlanta PIS,Air,India,Budwood/Graftwood (scion),83,4860,Dewar Nurseries
INS-5628,Atlanta PIS,Air,India,"Root cutting, crown, or clump, Tuberous Root",132,7901,Henry Mast Greenhouses/Masterpiece Flower Co LLC
INS-3242,Atlanta PIS,Air,Japan,Meristem or Callus Tissue Culture (micropropagated/in vitro culture),441,41136,Van Wingerden International Inc.
INS-5937,Atlanta PIS,Air,India,"Bulb, Corm, Rhizome, Tuberous Stem",61,2161,Dan & Jerry's Greenhouse
INS-1709,Atlanta PIS,Air,Japan,Meristem or Callus Tissue Culture (micropropagated/in vitro culture),788,23678,N.G. Heimos Greenhouses
INS-1307,Atlanta PIS,Air,New Zeland,Meristem or Callus Tissue Culture (micropropagated/in vitro culture),29,1586,Paul Ecke Ranch
INS-8729,Atlanta PIS,Air,India,Meristem or Callus Tissue Culture (micropropagated/in vitro culture),593,35707,"Costa Farms, LLC"
INS-2982,Atlanta PIS,Air,Netherlands,Budwood/Graftwood (scion),226,6589,Twixwood Nursery LLC
INS-5304,Atlanta PIS,Air,India,Meristem or Callus Tissue Culture (micropropagated/in vitro culture),187,9039,Kurt Weiss Greenhouses
INS-6405,Atlanta PIS,Air,Japan,Budwood/Graftwood (scion),895,32472,Henry Mast Greenhouses/Masterpiece Flower Co LLC
INS-5790,Atlanta PIS,Air,India,"Root cutting, crown, or clump, Tuberous Root",462,13845,"Farmers' West Flowers & Bouquets, Inc."
INS-2828,Atlanta PIS,Air,New Zeland,Budwood/Graftwood (scion),69,2206,Four Star Greenhouses
INS-3739,Atlanta PIS,Air,India,"Root cutting, crown, or clump, Tuberous Root",199,8855,Hiebert Greenhouse of South Dakota
INS-7064,Atlanta PIS,Air,Japan,Budwood/Graftwood (scion),23,2091,Dan Schantz Farm
INS-9218,Atlanta PIS,Air,India,"Root cutting, crown, or clump, Tuberous Root",161,8955,O.F. Nelson & Sons Nursery Inc.
INS-4428,Atlanta PIS,Air,New Zeland,Meristem or Callus Tissue Culture (micropropagated/in vitro culture),896,88864,Nurserymen's Exchange
INS-3686,Atlanta PIS,Air,Japan,"Root cutting, crown, or clump, Tuberous Root",56,5384,Smith Gardens
INS-8206,Atlanta PIS,Sea,New Zeland,"Bulb, Corm, Rhizome, Tuberous Stem",76,3856,Battlefield Farms
INS-9669,Atlanta PIS,Air,Netherlands,"Bulb, Corm, Rhizome, Tuberous Stem",519,36651,Paul Ecke Ranch
INS-1815,Atlanta PIS,Sea,Japan,"Root cutting, crown, or clump, Tuberous Root",716,25750,Floral Plant Growers LLC
INS-2251,Atlanta PIS,Air,Japan,"Bulb, Corm, Rhizome, Tuberous Stem",205,4411,Hiebert Greenhouse of South Dakota
INS-5706,Atlanta PIS,Air,Japan,"Bulb, Corm, Rhizome, Tuberous Stem",628,27141,Armstrong Growers
INS-6252,Atlanta PIS,Air,New Zeland,Meristem or Callus Tissue Culture (micropropagated/in vitro culture),579,11013,The Sun Valley Group
INS-7732,Atlanta PIS,Air,Japan,"Bulb, Corm, Rhizome, Tuberous Stem",845,47261,Burgett Geothermal Greenhouses
INS-6661,Atlanta PIS,Air,New Zeland,Budwood/Graftwood (scion),69,5629,Sawyer Nursery
INS-1202,Atlanta PIS,Air,India,Budwood/Graftwood (scion),178,6190,Operation
INS-2562,Atlanta PIS,Air,Japan,Budwood/Graftwood (scion),291,28218,'Riverview Flower Farm
INS-1508,Atlanta PIS,Air,Japan,"Bulb, Corm, Rhizome, Tuberous Stem",297,1984,DeLeon's Bromeliads
INS-8776,Atlanta PIS,Sea,India,Budwood/Graftwood (scion),506,15823,Northwest Horticulture
INS-1414,Atlanta PIS,Air,Japan,Meristem or Callus Tissue Culture (micropropagated/in vitro culture),411,4033,Operation
INS-6510,Atlanta PIS,Air,Japan,Meristem or Callus Tissue Culture (micropropagated/in vitro culture),498,47141,Green Valley Growers
INS-6402,Atlanta PIS,Air,Netherlands,"Bulb, Corm, Rhizome, Tuberous Stem",302,22911,"Matsui Nursery, Inc."
INS-9821,Atlanta PIS,Air,New Zeland,Budwood/Graftwood (scion),942,9454,Van Wingerden International Inc.
INS-4618,Atlanta PIS,Air,India,Meristem or Callus Tissue Culture (micropropagated/in vitro culture),633,32459,Garden State Growers
INS-4417,Atlanta PIS,Train,Netherlands,Meristem or Callus Tissue Culture (micropropagated/in vitro culture),939,54508,Paul Ecke Ranch
INS-3695,Atlanta PIS,Air,Japan,Meristem or Callus Tissue Culture (micropropagated/in vitro culture),909,85976,Valley Flowers
INS-7555,Atlanta PIS,Air,Japan,"Root cutting, crown, or clump, Tuberous Root",235,10940,"B&H Flowers, Inc."
INS-9208,Atlanta PIS,Train,New Zeland,"Bulb, Corm, Rhizome, Tuberous Stem",743,1690,"Young's Plant Farm, Inc."
INS-7073,Atlanta PIS,Train,India,Meristem or Callus Tissue Culture (micropropagated/in vitro culture),749,13492,Timberline Nursery Inc.
INS-6017,Atlanta PIS,Air,New Zeland,"Root cutting, crown, or clump, Tuberous Root",956,82796,Tagawa Greenhouses
INS-8513,Atlanta PIS,Air,Japan,Meristem or Callus Tissue Culture (micropropagated/in vitro culture),67,4387,Kawahara Nurseries
INS-7331,Atlanta PIS,Air,Netherlands,Budwood/Graftwood (scion),316,25507,"Bergen's Greenhouses, Inc."
INS-5208,Atlanta PIS,Air,India,Meristem or Callus Tissue Culture (micropropagated/in vitro culture),332,5194,Kerry's Bromeliads
INS-1680,Atlanta PIS,Air,New Zeland,Budwood/Graftwood (scion),235,9910,Petitti Garden Center (Casa Verde)
INS-4280,Atlanta PIS,Air,Japan,"Root cutting, crown, or clump, Tuberous Root",832,12232,Sawyer Nursery
INS-6574,Atlanta PIS,Air,New Zeland,"Bulb, Corm, Rhizome, Tuberous Stem",328,8144,Woodburn Nursery & Azaleas
INS-4512,Atlanta PIS,Air,Japan,Meristem or Callus Tissue Culture (micropropagated/in vitro culture),114,3563,Kitayama Brothers
INS-1079,Atlanta PIS,Air,Japan,"Root cutting, crown, or clump, Tuberous Root",443,16321,Kent's Bromeliads Nursery Inc.
INS-7205,Atlanta PIS,Sea,New Zeland,Budwood/Graftwood (scion),332,16067,Delray Plants Inc.
INS-2328,Atlanta PIS,Air,Netherlands,"Bulb, Corm, Rhizome, Tuberous Stem",980,33721,Colorama Wholesale Nursery
INS-3945,Atlanta PIS,Air,Japan,Meristem or Callus Tissue Culture (micropropagated/in vitro culture),392,23391,Henry Mast Greenhouses/Masterpiece Flower Co LLC
INS-3831,Atlanta PIS,Air,Netherlands,Budwood/Graftwood (scion),554,51737,Grower Direct Farms
