"Origin Location Country Name","Propagative Material type","Compliance"
"Argentina","Budwood/Graftwood (scion)","Low compliance"
"Argentina","Unrooted Cutting","Medium compliance"
"Aruba","Unrooted Cutting","Medium compliance"
"Australia","Budwood/Graftwood (scion)","Poor compliance"
"Australia","Bulb, Corm, Rhizome, Tuberous Stem","Poor compliance"
"Australia","Meristem or Callus Tissue Culture (micropropagated/in vitro culture)","Tissue culture high"
"Australia","Root cutting, crown, or clump, Tuberous Root","Medium compliance"
"Australia","Rooted Cutting (including air layer)","Low compliance"
"Australia","Rooted Plant (including grafted)","Medium compliance"
"Australia","Unrooted Cutting","Low compliance"
"Australia","Unrooted Plant","Medium compliance"
"Austria","Meristem or Callus Tissue Culture (micropropagated/in vitro culture)","Tissue culture high"
"Austria","Rooted Plant (including grafted)","Medium compliance"
"Austria","Unrooted Cutting","Medium compliance"
"Bahamas","Rooted Plant (including grafted)","Medium compliance"
"Bangladesh","Meristem or Callus Tissue Culture (micropropagated/in vitro culture)","Medium compliance"
"Bangladesh","Root cutting, crown, or clump, Tuberous Root","Medium compliance"
"Barbados","Rooted Plant (including grafted)","Medium compliance"
"Belarus","Meristem or Callus Tissue Culture (micropropagated/in vitro culture)","Tissue culture high"
"Belgium","Budwood/Graftwood (scion)","Low compliance"
"Belgium","Bulb, Corm, Rhizome, Tuberous Stem","Medium compliance"
"Belgium","Meristem or Callus Tissue Culture (micropropagated/in vitro culture)","Tissue culture high"
"Belgium","Root cutting, crown, or clump, Tuberous Root","Medium compliance"
"Belgium","Rooted Cutting (including air layer)","Medium compliance"
"Belgium","Rooted Plant (including grafted)","Medium compliance"
"Belgium","Unrooted Cutting","Medium compliance"
"Belgium","Unrooted Plant","Medium compliance"
"Belize","Rooted Plant (including grafted)","Medium compliance"
"Belize","Unrooted Plant","Medium compliance"
"Bolivia","Rooted Plant (including grafted)","Medium compliance"
"Bouvet Island (Bouvetoya)","Unrooted Cutting","Medium compliance"
"Brazil","Budwood/Graftwood (scion)","Poor compliance"
"Brazil","Bulb, Corm, Rhizome, Tuberous Stem","Medium compliance"
"Brazil","Meristem or Callus Tissue Culture (micropropagated/in vitro culture)","Poor compliance"
"Brazil","Rooted Cutting (including air layer)","Poor compliance"
"Brazil","Rooted Plant (including grafted)","High compliance"
"Brazil","Unrooted Cutting","High compliance"
"Brazil","Unrooted Plant","Medium compliance"
"Bulgaria","Budwood/Graftwood (scion)","Medium compliance"
"Bulgaria","Rooted Plant (including grafted)","Medium compliance"
"Bulgaria","Unrooted Cutting","Medium compliance"
"Cameroon","Bulb, Corm, Rhizome, Tuberous Stem","Medium compliance"
"Cameroon","Root cutting, crown, or clump, Tuberous Root","Medium compliance"
"Cameroon","Rooted Cutting (including air layer)","Medium compliance"
"Cameroon","Rooted Plant (including grafted)","Medium compliance"
"Cameroon","Unrooted Plant","Medium compliance"
"Canada","Budwood/Graftwood (scion)","High compliance"
"Canada","Bulb, Corm, Rhizome, Tuberous Stem","Medium compliance"
"Canada","Meristem or Callus Tissue Culture (micropropagated/in vitro culture)","Medium compliance"
"Canada","Rooted Cutting (including air layer)","Medium compliance"
"Canada","Rooted Plant (including grafted)","Medium compliance"
"Canada","Unrooted Cutting","Medium compliance"
"Canada","Unrooted Plant","Medium compliance"
"Chile","Budwood/Graftwood (scion)","Low compliance"
"Chile","Bulb, Corm, Rhizome, Tuberous Stem","Medium compliance"
"Chile","Meristem or Callus Tissue Culture (micropropagated/in vitro culture)","Tissue culture high"
"Chile","Rooted Plant (including grafted)","Medium compliance"
"Chile","Unrooted Cutting","Medium compliance"
"Chile","Unrooted Plant","Medium compliance"
"China","Budwood/Graftwood (scion)","Low compliance"
"China","Bulb, Corm, Rhizome, Tuberous Stem","Medium compliance"
"China","Meristem or Callus Tissue Culture (micropropagated/in vitro culture)","Tissue culture high"
"China","Root cutting, crown, or clump, Tuberous Root","High compliance"
"China","Rooted Cutting (including air layer)","Medium compliance"
"China","Rooted Plant (including grafted)","Medium compliance"
"China","Unrooted Cutting","Medium compliance"
"China","Unrooted Plant","Medium compliance"
"Cocos (Keeling) Islands","Meristem or Callus Tissue Culture (micropropagated/in vitro culture)","Medium compliance"
"Colombia","Bulb, Corm, Rhizome, Tuberous Stem","Medium compliance"
"Colombia","Meristem or Callus Tissue Culture (micropropagated/in vitro culture)","Tissue culture high"
"Colombia","Root cutting, crown, or clump, Tuberous Root","High compliance"
"Colombia","Rooted Cutting (including air layer)","High compliance"
"Colombia","Rooted Plant (including grafted)","High compliance"
"Colombia","Unrooted Cutting","High compliance"
"Colombia","Unrooted Plant","Medium compliance"
"Congo","Unrooted Cutting","Medium compliance"
"Cook Islands","Rooted Cutting (including air layer)","Medium compliance"
"Cook Islands","Rooted Plant (including grafted)","Medium compliance"
"Cook Islands","Unrooted Plant","Medium compliance"
"Costa Rica","Budwood/Graftwood (scion)","Medium compliance"
"Costa Rica","Bulb, Corm, Rhizome, Tuberous Stem","Medium compliance"
"Costa Rica","Meristem or Callus Tissue Culture (micropropagated/in vitro culture)","Tissue culture high"
"Costa Rica","Root cutting, crown, or clump, Tuberous Root","High compliance"
"Costa Rica","Rooted Cutting (including air layer)","Medium compliance"
"Costa Rica","Rooted Plant (including grafted)","Medium compliance"
"Costa Rica","Unrooted Cutting","Medium compliance"
"Costa Rica","Unrooted Plant","Medium compliance"
"Cote D`Ivoire","Rooted Plant (including grafted)","Medium compliance"
"Cote D`Ivoire","Unrooted Cutting","Medium compliance"
"Croatia","Meristem or Callus Tissue Culture (micropropagated/in vitro culture)","Tissue culture high"
"Croatia","Rooted Plant (including grafted)","Medium compliance"
"Curacao","Rooted Plant (including grafted)","Medium compliance"
"Cyprus","Rooted Plant (including grafted)","Poor compliance"
"Cyprus","Unrooted Plant","Medium compliance"
"Czech Republic","Budwood/Graftwood (scion)","Poor compliance"
"Czech Republic","Bulb, Corm, Rhizome, Tuberous Stem","Medium compliance"
"Czech Republic","Meristem or Callus Tissue Culture (micropropagated/in vitro culture)","Tissue culture high"
"Czech Republic","Rooted Cutting (including air layer)","Low compliance"
"Czech Republic","Rooted Plant (including grafted)","Medium compliance"
"Czech Republic","Unrooted Cutting","Medium compliance"
"Czech Republic","Unrooted Plant","Medium compliance"
"Denmark","Bulb, Corm, Rhizome, Tuberous Stem","High compliance"
"Denmark","Meristem or Callus Tissue Culture (micropropagated/in vitro culture)","Medium compliance"
"Denmark","Root cutting, crown, or clump, Tuberous Root","Medium compliance"
"Denmark","Rooted Cutting (including air layer)","Low compliance"
"Denmark","Rooted Plant (including grafted)","Poor compliance"
"Denmark","Unrooted Cutting","Medium compliance"
"Denmark","Unrooted Plant","Medium compliance"
"Dominican Republic","Budwood/Graftwood (scion)","Low compliance"
"Dominican Republic","Bulb, Corm, Rhizome, Tuberous Stem","Medium compliance"
"Dominican Republic","Meristem or Callus Tissue Culture (micropropagated/in vitro culture)","Tissue culture high"
"Dominican Republic","Root cutting, crown, or clump, Tuberous Root","High compliance"
"Dominican Republic","Rooted Cutting (including air layer)","Medium compliance"
"Dominican Republic","Rooted Plant (including grafted)","Medium compliance"
"Dominican Republic","Unrooted Cutting","Medium compliance"
"Dominican Republic","Unrooted Plant","Medium compliance"
"Ecuador","Budwood/Graftwood (scion)","High compliance"
"Ecuador","Bulb, Corm, Rhizome, Tuberous Stem","Poor compliance"
"Ecuador","Meristem or Callus Tissue Culture (micropropagated/in vitro culture)","Tissue culture high"
"Ecuador","Root cutting, crown, or clump, Tuberous Root","High compliance"
"Ecuador","Rooted Cutting (including air layer)","High compliance"
"Ecuador","Rooted Plant (including grafted)","High compliance"
"Ecuador","Unrooted Cutting","High compliance"
"Ecuador","Unrooted Plant","Medium compliance"
"El Salvador","Meristem or Callus Tissue Culture (micropropagated/in vitro culture)","Tissue culture high"
"El Salvador","Root cutting, crown, or clump, Tuberous Root","Medium compliance"
"El Salvador","Rooted Cutting (including air layer)","Low compliance"
"El Salvador","Rooted Plant (including grafted)","Medium compliance"
"El Salvador","Unrooted Cutting","Medium compliance"
"El Salvador","Unrooted Plant","Medium compliance"
"Estonia","Rooted Plant (including grafted)","Medium compliance"
"Estonia","Unrooted Cutting","Medium compliance"
"Ethiopia","Meristem or Callus Tissue Culture (micropropagated/in vitro culture)","Tissue culture high"
"Ethiopia","Root cutting, crown, or clump, Tuberous Root","Medium compliance"
"Ethiopia","Rooted Cutting (including air layer)","Medium compliance"
"Ethiopia","Rooted Plant (including grafted)","Medium compliance"
"Ethiopia","Unrooted Cutting","Medium compliance"
"Ethiopia","Unrooted Plant","Poor compliance"
"Faeroe Islands","Unrooted Cutting","Medium compliance"
"Finland","Unrooted Plant","Medium compliance"
"France","Budwood/Graftwood (scion)","Poor compliance"
"France","Bulb, Corm, Rhizome, Tuberous Stem","Medium compliance"
"France","Meristem or Callus Tissue Culture (micropropagated/in vitro culture)","Tissue culture high"
"France","Root cutting, crown, or clump, Tuberous Root","Medium compliance"
"France","Rooted Cutting (including air layer)","Low compliance"
"France","Rooted Plant (including grafted)","Medium compliance"
"France","Unrooted Cutting","Medium compliance"
"France","Unrooted Plant","Medium compliance"
"Gabon","Unrooted Cutting","Medium compliance"
"Georgia","Budwood/Graftwood (scion)","Medium compliance"
"Georgia","Rooted Plant (including grafted)","Medium compliance"
"Georgia","Unrooted Cutting","Medium compliance"
"Germany","Budwood/Graftwood (scion)","Poor compliance"
"Germany","Bulb, Corm, Rhizome, Tuberous Stem","Medium compliance"
"Germany","Meristem or Callus Tissue Culture (micropropagated/in vitro culture)","Tissue culture high"
"Germany","Root cutting, crown, or clump, Tuberous Root","Medium compliance"
"Germany","Rooted Cutting (including air layer)","Low compliance"
"Germany","Rooted Plant (including grafted)","Medium compliance"
"Germany","Unrooted Cutting","Medium compliance"
"Germany","Unrooted Plant","Low compliance"
"Ghana","Meristem or Callus Tissue Culture (micropropagated/in vitro culture)","Tissue culture high"
"Ghana","Root cutting, crown, or clump, Tuberous Root","Medium compliance"
"Ghana","Unrooted Cutting","Medium compliance"
"Greece","Budwood/Graftwood (scion)","Medium compliance"
"Greece","Rooted Plant (including grafted)","Medium compliance"
"Greece","Unrooted Cutting","Medium compliance"
"Greece","Unrooted Plant","Medium compliance"
"Guadeloupe","Unrooted Plant","Medium compliance"
"Guam","Unrooted Cutting","Medium compliance"
"Guatemala","Budwood/Graftwood (scion)","Low compliance"
"Guatemala","Bulb, Corm, Rhizome, Tuberous Stem","Medium compliance"
"Guatemala","Meristem or Callus Tissue Culture (micropropagated/in vitro culture)","Tissue culture high"
"Guatemala","Root cutting, crown, or clump, Tuberous Root","High compliance"
"Guatemala","Rooted Cutting (including air layer)","Medium compliance"
"Guatemala","Rooted Plant (including grafted)","Medium compliance"
"Guatemala","Unrooted Cutting","High compliance"
"Guatemala","Unrooted Plant","Medium compliance"
"Guernsey","Bulb, Corm, Rhizome, Tuberous Stem","Medium compliance"
"Guernsey","Meristem or Callus Tissue Culture (micropropagated/in vitro culture)","Tissue culture high"
"Guernsey","Root cutting, crown, or clump, Tuberous Root","Medium compliance"
"Guernsey","Rooted Cutting (including air layer)","Medium compliance"
"Guernsey","Rooted Plant (including grafted)","Medium compliance"
"Guernsey","Unrooted Cutting","Medium compliance"
"Guernsey","Unrooted Plant","Medium compliance"
"Guinea","Bulb, Corm, Rhizome, Tuberous Stem","Medium compliance"
"Guinea","Root cutting, crown, or clump, Tuberous Root","Poor compliance"
"Guinea","Rooted Cutting (including air layer)","Medium compliance"
"Guinea","Rooted Plant (including grafted)","Medium compliance"
"Guinea","Unrooted Cutting","Medium compliance"
"Haiti","Rooted Plant (including grafted)","Medium compliance"
"Haiti","Unrooted Cutting","Medium compliance"
"Honduras","Budwood/Graftwood (scion)","Medium compliance"
"Honduras","Bulb, Corm, Rhizome, Tuberous Stem","Medium compliance"
"Honduras","Meristem or Callus Tissue Culture (micropropagated/in vitro culture)","Tissue culture high"
"Honduras","Root cutting, crown, or clump, Tuberous Root","Medium compliance"
"Honduras","Rooted Cutting (including air layer)","Medium compliance"
"Honduras","Rooted Plant (including grafted)","High compliance"
"Honduras","Unrooted Cutting","Medium compliance"
"Honduras","Unrooted Plant","Medium compliance"
"Hong Kong","Bulb, Corm, Rhizome, Tuberous Stem","Medium compliance"
"Hong Kong","Meristem or Callus Tissue Culture (micropropagated/in vitro culture)","Tissue culture high"
"Hong Kong","Rooted Cutting (including air layer)","Medium compliance"
"Hong Kong","Rooted Plant (including grafted)","Low compliance"
"Hong Kong","Unrooted Cutting","Medium compliance"
"Hong Kong","Unrooted Plant","Medium compliance"
"Hungary","Bulb, Corm, Rhizome, Tuberous Stem","Medium compliance"
"Hungary","Meristem or Callus Tissue Culture (micropropagated/in vitro culture)","Tissue culture high"
"Hungary","Rooted Plant (including grafted)","Low compliance"
"Hungary","Unrooted Cutting","Medium compliance"
"Hungary","Unrooted Plant","Medium compliance"
"Iceland","Meristem or Callus Tissue Culture (micropropagated/in vitro culture)","Medium compliance"
"India","Bulb, Corm, Rhizome, Tuberous Stem","High compliance"
"India","Meristem or Callus Tissue Culture (micropropagated/in vitro culture)","Tissue culture high"
"India","Root cutting, crown, or clump, Tuberous Root","High compliance"
"India","Rooted Cutting (including air layer)","Medium compliance"
"India","Rooted Plant (including grafted)","High compliance"
"India","Unrooted Cutting","Medium compliance"
"India","Unrooted Plant","High compliance"
"Indonesia","Budwood/Graftwood (scion)","Low compliance"
"Indonesia","Bulb, Corm, Rhizome, Tuberous Stem","Medium compliance"
"Indonesia","Meristem or Callus Tissue Culture (micropropagated/in vitro culture)","Tissue culture high"
"Indonesia","Root cutting, crown, or clump, Tuberous Root","Medium compliance"
"Indonesia","Rooted Cutting (including air layer)","Low compliance"
"Indonesia","Rooted Plant (including grafted)","Low compliance"
"Indonesia","Unrooted Cutting","Medium compliance"
"Indonesia","Unrooted Plant","Medium compliance"
"Ireland","Bulb, Corm, Rhizome, Tuberous Stem","Medium compliance"
"Ireland","Meristem or Callus Tissue Culture (micropropagated/in vitro culture)","Tissue culture high"
"Ireland","Root cutting, crown, or clump, Tuberous Root","Medium compliance"
"Ireland","Rooted Cutting (including air layer)","Medium compliance"
"Ireland","Rooted Plant (including grafted)","Medium compliance"
"Ireland","Unrooted Cutting","Medium compliance"
"Ireland","Unrooted Plant","Medium compliance"
"Israel","Budwood/Graftwood (scion)","Medium compliance"
"Israel","Bulb, Corm, Rhizome, Tuberous Stem","Medium compliance"
"Israel","Meristem or Callus Tissue Culture (micropropagated/in vitro culture)","Tissue culture high"
"Israel","Root cutting, crown, or clump, Tuberous Root","Medium compliance"
"Israel","Rooted Cutting (including air layer)","Medium compliance"
"Israel","Rooted Plant (including grafted)","Medium compliance"
"Israel","Unrooted Cutting","High compliance"
"Israel","Unrooted Plant","Poor compliance"
"Italy","Budwood/Graftwood (scion)","Poor compliance"
"Italy","Bulb, Corm, Rhizome, Tuberous Stem","Medium compliance"
"Italy","Meristem or Callus Tissue Culture (micropropagated/in vitro culture)","Tissue culture high"
"Italy","Root cutting, crown, or clump, Tuberous Root","Medium compliance"
"Italy","Rooted Cutting (including air layer)","Poor compliance"
"Italy","Rooted Plant (including grafted)","Low compliance"
"Italy","Unrooted Cutting","Medium compliance"
"Italy","Unrooted Plant","Medium compliance"
"Jamaica","Rooted Plant (including grafted)","Medium compliance"
"Jamaica","Unrooted Cutting","Medium compliance"
"Jamaica","Unrooted Plant","Medium compliance"
"Japan","Budwood/Graftwood (scion)","Poor compliance"
"Japan","Bulb, Corm, Rhizome, Tuberous Stem","Low compliance"
"Japan","Meristem or Callus Tissue Culture (micropropagated/in vitro culture)","Tissue culture high"
"Japan","Root cutting, crown, or clump, Tuberous Root","Medium compliance"
"Japan","Rooted Cutting (including air layer)","Low compliance"
"Japan","Rooted Plant (including grafted)","Low compliance"
"Japan","Unrooted Cutting","Medium compliance"
"Japan","Unrooted Plant","Medium compliance"
"Kazakhstan","Unrooted Cutting","Medium compliance"
"Kazakhstan","Unrooted Plant","Medium compliance"
"Kenya","Budwood/Graftwood (scion)","High compliance"
"Kenya","Bulb, Corm, Rhizome, Tuberous Stem","Medium compliance"
"Kenya","Meristem or Callus Tissue Culture (micropropagated/in vitro culture)","Tissue culture high"
"Kenya","Root cutting, crown, or clump, Tuberous Root","High compliance"
"Kenya","Rooted Cutting (including air layer)","Medium compliance"
"Kenya","Rooted Plant (including grafted)","High compliance"
"Kenya","Unrooted Cutting","Medium compliance"
"Kenya","Unrooted Plant","High compliance"
"Korea, North","Meristem or Callus Tissue Culture (micropropagated/in vitro culture)","Tissue culture high"
"Korea, North","Rooted Cutting (including air layer)","Medium compliance"
"Korea, North","Rooted Plant (including grafted)","Medium compliance"
"Korea, North","Unrooted Cutting","Medium compliance"
"Korea, North","Unrooted Plant","Medium compliance"
"Korea, South","Budwood/Graftwood (scion)","Poor compliance"
"Korea, South","Bulb, Corm, Rhizome, Tuberous Stem","Medium compliance"
"Korea, South","Meristem or Callus Tissue Culture (micropropagated/in vitro culture)","Tissue culture high"
"Korea, South","Root cutting, crown, or clump, Tuberous Root","Poor compliance"
"Korea, South","Rooted Cutting (including air layer)","Low compliance"
"Korea, South","Rooted Plant (including grafted)","Medium compliance"
"Korea, South","Unrooted Cutting","Medium compliance"
"Korea, South","Unrooted Plant","Low compliance"
"Kyrgyzstan","Budwood/Graftwood (scion)","Medium compliance"
"Kyrgyzstan","Bulb, Corm, Rhizome, Tuberous Stem","Medium compliance"
"Lao PDR","Rooted Plant (including grafted)","Medium compliance"
"Latvia","Bulb, Corm, Rhizome, Tuberous Stem","Medium compliance"
"Latvia","Unrooted Cutting","Medium compliance"
"Lebanon","Unrooted Cutting","Medium compliance"
"Lithuania","Bulb, Corm, Rhizome, Tuberous Stem","Medium compliance"
"Lithuania","Unrooted Plant","Medium compliance"
"Macao","Rooted Plant (including grafted)","Medium compliance"
"Macao","Unrooted Cutting","Medium compliance"
"North Macedonia","Rooted Plant (including grafted)","Medium compliance"
"North Macedonia","Unrooted Cutting","Medium compliance"
"Madagascar","Bulb, Corm, Rhizome, Tuberous Stem","Medium compliance"
"Madagascar","Meristem or Callus Tissue Culture (micropropagated/in vitro culture)","Tissue culture high"
"Madagascar","Root cutting, crown, or clump, Tuberous Root","Medium compliance"
"Madagascar","Rooted Plant (including grafted)","Medium compliance"
"Madagascar","Unrooted Cutting","Medium compliance"
"Madagascar","Unrooted Plant","Medium compliance"
"Malaysia","Budwood/Graftwood (scion)","Medium compliance"
"Malaysia","Bulb, Corm, Rhizome, Tuberous Stem","Medium compliance"
"Malaysia","Meristem or Callus Tissue Culture (micropropagated/in vitro culture)","Tissue culture high"
"Malaysia","Root cutting, crown, or clump, Tuberous Root","Medium compliance"
"Malaysia","Rooted Cutting (including air layer)","Medium compliance"
"Malaysia","Rooted Plant (including grafted)","High compliance"
"Malaysia","Unrooted Cutting","High compliance"
"Malaysia","Unrooted Plant","Medium compliance"
"Mali","Meristem or Callus Tissue Culture (micropropagated/in vitro culture)","Tissue culture high"
"Mali","Unrooted Cutting","Medium compliance"
"Martinique","Meristem or Callus Tissue Culture (micropropagated/in vitro culture)","Medium compliance"
"Mayotte","Unrooted Cutting","Medium compliance"
"Mayotte","Unrooted Plant","Medium compliance"
"Mexico","Budwood/Graftwood (scion)","Low compliance"
"Mexico","Bulb, Corm, Rhizome, Tuberous Stem","Medium compliance"
"Mexico","Meristem or Callus Tissue Culture (micropropagated/in vitro culture)","Tissue culture high"
"Mexico","Root cutting, crown, or clump, Tuberous Root","Medium compliance"
"Mexico","Rooted Cutting (including air layer)","High compliance"
"Mexico","Rooted Plant (including grafted)","Low compliance"
"Mexico","Unrooted Cutting","High compliance"
"Mexico","Unrooted Plant","Low compliance"
"Micronesia","Meristem or Callus Tissue Culture (micropropagated/in vitro culture)","Tissue culture high"
"Micronesia","Unrooted Cutting","Medium compliance"
"Moldova","Meristem or Callus Tissue Culture (micropropagated/in vitro culture)","Medium compliance"
"Moldova","Rooted Plant (including grafted)","Poor compliance"
"Morocco","Bulb, Corm, Rhizome, Tuberous Stem","Poor compliance"
"Morocco","Meristem or Callus Tissue Culture (micropropagated/in vitro culture)","Tissue culture high"
"Morocco","Rooted Cutting (including air layer)","Medium compliance"
"Morocco","Rooted Plant (including grafted)","Medium compliance"
"Mozambique","Bulb, Corm, Rhizome, Tuberous Stem","Medium compliance"
"Mozambique","Root cutting, crown, or clump, Tuberous Root","Medium compliance"
"Mozambique","Rooted Plant (including grafted)","Medium compliance"
"Mozambique","Unrooted Cutting","Medium compliance"
"Mozambique","Unrooted Plant","Medium compliance"
"Namibia","Rooted Plant (including grafted)","Medium compliance"
"Nauru","Unrooted Cutting","Medium compliance"
"Nepal","Bulb, Corm, Rhizome, Tuberous Stem","Medium compliance"
"Nepal","Meristem or Callus Tissue Culture (micropropagated/in vitro culture)","Tissue culture high"
"Nepal","Unrooted Cutting","Medium compliance"
"Netherlands Antilles","Meristem or Callus Tissue Culture (micropropagated/in vitro culture)","Tissue culture high"
"Netherlands Antilles","Root cutting, crown, or clump, Tuberous Root","Medium compliance"
"Netherlands Antilles","Unrooted Cutting","Medium compliance"
"Netherlands","Budwood/Graftwood (scion)","Medium compliance"
"Netherlands","Bulb, Corm, Rhizome, Tuberous Stem","Medium compliance"
"Netherlands","Meristem or Callus Tissue Culture (micropropagated/in vitro culture)","Tissue culture high"
"Netherlands","Root cutting, crown, or clump, Tuberous Root","Medium compliance"
"Netherlands","Rooted Cutting (including air layer)","Medium compliance"
"Netherlands","Rooted Plant (including grafted)","Medium compliance"
"Netherlands","Unrooted Cutting","Medium compliance"
"Netherlands","Unrooted Plant","High compliance"
"New Caledonia","Bulb, Corm, Rhizome, Tuberous Stem","Medium compliance"
"New Caledonia","Rooted Plant (including grafted)","Medium compliance"
"New Caledonia","Unrooted Cutting","Medium compliance"
"New Caledonia","Unrooted Plant","Medium compliance"
"New Zealand","Budwood/Graftwood (scion)","Low compliance"
"New Zealand","Bulb, Corm, Rhizome, Tuberous Stem","Medium compliance"
"New Zealand","Meristem or Callus Tissue Culture (micropropagated/in vitro culture)","Tissue culture high"
"New Zealand","Root cutting, crown, or clump, Tuberous Root","Medium compliance"
"New Zealand","Rooted Cutting (including air layer)","Low compliance"
"New Zealand","Rooted Plant (including grafted)","Poor compliance"
"New Zealand","Unrooted Cutting","Poor compliance"
"Nicaragua","Budwood/Graftwood (scion)","Medium compliance"
"Nicaragua","Meristem or Callus Tissue Culture (micropropagated/in vitro culture)","Tissue culture high"
"Nicaragua","Root cutting, crown, or clump, Tuberous Root","Medium compliance"
"Nicaragua","Rooted Cutting (including air layer)","Medium compliance"
"Nicaragua","Rooted Plant (including grafted)","Poor compliance"
"Nicaragua","Unrooted Cutting","High compliance"
"Nicaragua","Unrooted Plant","Medium compliance"
"Nigeria","Bulb, Corm, Rhizome, Tuberous Stem","Low compliance"
"Nigeria","Meristem or Callus Tissue Culture (micropropagated/in vitro culture)","Tissue culture high"
"Nigeria","Rooted Plant (including grafted)","Medium compliance"
"Nigeria","Unrooted Cutting","Medium compliance"
"North Macedonia","Meristem or Callus Tissue Culture (micropropagated/in vitro culture)","Tissue culture high"
"Northern Mariana Islands","Rooted Plant (including grafted)","Poor compliance"
"Northern Mariana Islands","Unrooted Cutting","Poor compliance"
"Norway","Unrooted Cutting","Medium compliance"
"Not Specified","Meristem or Callus Tissue Culture (micropropagated/in vitro culture)","Poor compliance"
"Not Specified","Rooted Plant (including grafted)","Medium compliance"
"Pakistan","Budwood/Graftwood (scion)","Low compliance"
"Pakistan","Rooted Plant (including grafted)","Poor compliance"
"Panama","Bulb, Corm, Rhizome, Tuberous Stem","Medium compliance"
"Panama","Rooted Cutting (including air layer)","Medium compliance"
"Panama","Rooted Plant (including grafted)","Medium compliance"
"Panama","Unrooted Plant","High compliance"
"Paraguay","Rooted Plant (including grafted)","Medium compliance"
"Peru","Budwood/Graftwood (scion)","Medium compliance"
"Peru","Bulb, Corm, Rhizome, Tuberous Stem","Medium compliance"
"Peru","Meristem or Callus Tissue Culture (micropropagated/in vitro culture)","Tissue culture high"
"Peru","Root cutting, crown, or clump, Tuberous Root","High compliance"
"Peru","Rooted Cutting (including air layer)","Medium compliance"
"Peru","Rooted Plant (including grafted)","Medium compliance"
"Peru","Unrooted Cutting","Medium compliance"
"Peru","Unrooted Plant","Medium compliance"
"Philippines","Bulb, Corm, Rhizome, Tuberous Stem","Medium compliance"
"Philippines","Meristem or Callus Tissue Culture (micropropagated/in vitro culture)","Tissue culture high"
"Philippines","Root cutting, crown, or clump, Tuberous Root","Medium compliance"
"Philippines","Rooted Cutting (including air layer)","Poor compliance"
"Philippines","Rooted Plant (including grafted)","Low compliance"
"Philippines","Unrooted Cutting","Medium compliance"
"Philippines","Unrooted Plant","Poor compliance"
"Pitcairn Island","Meristem or Callus Tissue Culture (micropropagated/in vitro culture)","Medium compliance"
"Poland","Bulb, Corm, Rhizome, Tuberous Stem","Medium compliance"
"Poland","Meristem or Callus Tissue Culture (micropropagated/in vitro culture)","Tissue culture high"
"Poland","Root cutting, crown, or clump, Tuberous Root","Medium compliance"
"Poland","Rooted Cutting (including air layer)","Medium compliance"
"Poland","Rooted Plant (including grafted)","High compliance"
"Poland","Unrooted Cutting","Medium compliance"
"Poland","Unrooted Plant","Medium compliance"
"Portugal","Budwood/Graftwood (scion)","High compliance"
"Portugal","Meristem or Callus Tissue Culture (micropropagated/in vitro culture)","Tissue culture high"
"Portugal","Root cutting, crown, or clump, Tuberous Root","Medium compliance"
"Portugal","Rooted Cutting (including air layer)","Medium compliance"
"Portugal","Rooted Plant (including grafted)","Medium compliance"
"Portugal","Unrooted Cutting","High compliance"
"Portugal","Unrooted Plant","Medium compliance"
"Puerto Rico","Budwood/Graftwood (scion)","Medium compliance"
"Puerto Rico","Rooted Plant (including grafted)","Medium compliance"
"Reunion","Budwood/Graftwood (scion)","Low compliance"
"Romania","Bulb, Corm, Rhizome, Tuberous Stem","Medium compliance"
"Russia","Budwood/Graftwood (scion)","Medium compliance"
"Russia","Unrooted Cutting","Medium compliance"
"Saudi Arabia","Unrooted Cutting","Medium compliance"
"Saudi Arabia","Unrooted Plant","Medium compliance"
"Singapore","Bulb, Corm, Rhizome, Tuberous Stem","Medium compliance"
"Singapore","Meristem or Callus Tissue Culture (micropropagated/in vitro culture)","Tissue culture high"
"Singapore","Root cutting, crown, or clump, Tuberous Root","Low compliance"
"Singapore","Rooted Cutting (including air layer)","Medium compliance"
"Singapore","Rooted Plant (including grafted)","Medium compliance"
"Singapore","Unrooted Cutting","High compliance"
"Singapore","Unrooted Plant","Medium compliance"
"Slovakia","Meristem or Callus Tissue Culture (micropropagated/in vitro culture)","Tissue culture high"
"Slovakia","Rooted Cutting (including air layer)","Medium compliance"
"Slovakia","Rooted Plant (including grafted)","Medium compliance"
"Slovakia","Unrooted Cutting","Medium compliance"
"Slovakia","Unrooted Plant","Medium compliance"
"Slovenia","Rooted Cutting (including air layer)","Medium compliance"
"Slovenia","Rooted Plant (including grafted)","Medium compliance"
"Solomon Islands","Rooted Cutting (including air layer)","Medium compliance"
"Solomon Islands","Rooted Plant (including grafted)","Medium compliance"
"South Africa","Budwood/Graftwood (scion)","Low compliance"
"South Africa","Bulb, Corm, Rhizome, Tuberous Stem","Medium compliance"
"South Africa","Meristem or Callus Tissue Culture (micropropagated/in vitro culture)","Tissue culture high"
"South Africa","Root cutting, crown, or clump, Tuberous Root","High compliance"
"South Africa","Rooted Cutting (including air layer)","Medium compliance"
"South Africa","Rooted Plant (including grafted)","Medium compliance"
"South Africa","Unrooted Cutting","Low compliance"
"South Africa","Unrooted Plant","Medium compliance"
"South Sudan","Rooted Plant (including grafted)","Medium compliance"
"Spain","Budwood/Graftwood (scion)","Low compliance"
"Spain","Bulb, Corm, Rhizome, Tuberous Stem","Medium compliance"
"Spain","Meristem or Callus Tissue Culture (micropropagated/in vitro culture)","Tissue culture high"
"Spain","Root cutting, crown, or clump, Tuberous Root","Medium compliance"
"Spain","Rooted Cutting (including air layer)","Medium compliance"
"Spain","Rooted Plant (including grafted)","Medium compliance"
"Spain","Unrooted Cutting","Medium compliance"
"Spain","Unrooted Plant","Medium compliance"
"Sri Lanka","Bulb, Corm, Rhizome, Tuberous Stem","Medium compliance"
"Sri Lanka","Meristem or Callus Tissue Culture (micropropagated/in vitro culture)","Tissue culture high"
"Sri Lanka","Root cutting, crown, or clump, Tuberous Root","Medium compliance"
"Sri Lanka","Rooted Cutting (including air layer)","Medium compliance"
"Sri Lanka","Rooted Plant (including grafted)","Medium compliance"
"Sri Lanka","Unrooted Cutting","Medium compliance"
"Sri Lanka","Unrooted Plant","Poor compliance"
"Suriname","Rooted Plant (including grafted)","Medium compliance"
"Sweden","Root cutting, crown, or clump, Tuberous Root","Medium compliance"
"Sweden","Rooted Cutting (including air layer)","Medium compliance"
"Sweden","Rooted Plant (including grafted)","Medium compliance"
"Switzerland","Budwood/Graftwood (scion)","Poor compliance"
"Switzerland","Meristem or Callus Tissue Culture (micropropagated/in vitro culture)","Tissue culture high"
"Switzerland","Rooted Plant (including grafted)","Medium compliance"
"Switzerland","Unrooted Cutting","Medium compliance"
"Syrian Arab Republic","Rooted Plant (including grafted)","Medium compliance"
"Taiwan","Bulb, Corm, Rhizome, Tuberous Stem","Medium compliance"
"Taiwan","Meristem or Callus Tissue Culture (micropropagated/in vitro culture)","Tissue culture high"
"Taiwan","Root cutting, crown, or clump, Tuberous Root","Medium compliance"
"Taiwan","Rooted Cutting (including air layer)","Medium compliance"
"Taiwan","Rooted Plant (including grafted)","Medium compliance"
"Taiwan","Unrooted Cutting","Medium compliance"
"Taiwan","Unrooted Plant","Low compliance"
"Tajikistan","Meristem or Callus Tissue Culture (micropropagated/in vitro culture)","Tissue culture high"
"Tajikistan","Rooted Plant (including grafted)","Medium compliance"
"Tajikistan","Unrooted Cutting","Medium compliance"
"Tanzania","Bulb, Corm, Rhizome, Tuberous Stem","Medium compliance"
"Tanzania","Root cutting, crown, or clump, Tuberous Root","Medium compliance"
"Tanzania","Rooted Cutting (including air layer)","Low compliance"
"Tanzania","Rooted Plant (including grafted)","Low compliance"
"Tanzania","Unrooted Cutting","Medium compliance"
"Tanzania","Unrooted Plant","Medium compliance"
"Thailand","Budwood/Graftwood (scion)","Low compliance"
"Thailand","Bulb, Corm, Rhizome, Tuberous Stem","Low compliance"
"Thailand","Meristem or Callus Tissue Culture (micropropagated/in vitro culture)","Tissue culture high"
"Thailand","Root cutting, crown, or clump, Tuberous Root","High compliance"
"Thailand","Rooted Cutting (including air layer)","Medium compliance"
"Thailand","Rooted Plant (including grafted)","Medium compliance"
"Thailand","Unrooted Cutting","Medium compliance"
"Thailand","Unrooted Plant","High compliance"
"Timor-Leste","Rooted Plant (including grafted)","Medium compliance"
"Timor-Leste","Unrooted Plant","Medium compliance"
"Togo","Meristem or Callus Tissue Culture (micropropagated/in vitro culture)","Tissue culture high"
"Togo","Rooted Cutting (including air layer)","Medium compliance"
"Togo","Rooted Plant (including grafted)","Medium compliance"
"Tokelau (Tokelau Islands)","Rooted Plant (including grafted)","Medium compliance"
"Trinidad and Tobago","Bulb, Corm, Rhizome, Tuberous Stem","Poor compliance"
"Trinidad and Tobago","Rooted Cutting (including air layer)","Low compliance"
"Turkey","Budwood/Graftwood (scion)","Medium compliance"
"Turkey","Bulb, Corm, Rhizome, Tuberous Stem","Poor compliance"
"Turkey","Meristem or Callus Tissue Culture (micropropagated/in vitro culture)","Tissue culture high"
"Turkey","Root cutting, crown, or clump, Tuberous Root","Medium compliance"
"Turkey","Rooted Cutting (including air layer)","Medium compliance"
"Turkey","Rooted Plant (including grafted)","High compliance"
"Turkey","Unrooted Cutting","Medium compliance"
"Turkey","Unrooted Plant","Medium compliance"
"Uganda","Meristem or Callus Tissue Culture (micropropagated/in vitro culture)","Tissue culture high"
"Uganda","Root cutting, crown, or clump, Tuberous Root","Medium compliance"
"Uganda","Rooted Cutting (including air layer)","Medium compliance"
"Uganda","Rooted Plant (including grafted)","Medium compliance"
"Uganda","Unrooted Cutting","Medium compliance"
"Uganda","Unrooted Plant","Medium compliance"
"Ukraine","Bulb, Corm, Rhizome, Tuberous Stem","Medium compliance"
"Ukraine","Root cutting, crown, or clump, Tuberous Root","Medium compliance"
"Ukraine","Rooted Cutting (including air layer)","Medium compliance"
"Ukraine","Rooted Plant (including grafted)","Poor compliance"
"Ukraine","Unrooted Cutting","Medium compliance"
"Ukraine","Unrooted Plant","Medium compliance"
"United Arab Emirates","Unrooted Cutting","Medium compliance"
"United Kingdom of Great Britain and N. Ireland","Budwood/Graftwood (scion)","Poor compliance"
"United Kingdom of Great Britain and N. Ireland","Bulb, Corm, Rhizome, Tuberous Stem","Low compliance"
"United Kingdom of Great Britain and N. Ireland","Meristem or Callus Tissue Culture (micropropagated/in vitro culture)","Tissue culture high"
"United Kingdom of Great Britain and N. Ireland","Root cutting, crown, or clump, Tuberous Root","Medium compliance"
"United Kingdom of Great Britain and N. Ireland","Rooted Cutting (including air layer)","Medium compliance"
"United Kingdom of Great Britain and N. Ireland","Rooted Plant (including grafted)","Medium compliance"
"United Kingdom of Great Britain and N. Ireland","Unrooted Cutting","Medium compliance"
"United Kingdom of Great Britain and N. Ireland","Unrooted Plant","Medium compliance"
"United States Minor Outlying Islands","Budwood/Graftwood (scion)","Medium compliance"
"United States of America","Budwood/Graftwood (scion)","Medium compliance"
"United States of America","Bulb, Corm, Rhizome, Tuberous Stem","Medium compliance"
"United States of America","Meristem or Callus Tissue Culture (micropropagated/in vitro culture)","Tissue culture high"
"United States of America","Rooted Cutting (including air layer)","Poor compliance"
"United States of America","Rooted Plant (including grafted)","Medium compliance"
"United States of America","Unrooted Cutting","Poor compliance"
"United States of America","Unrooted Plant","Medium compliance"
"Uruguay","Unrooted Cutting","Medium compliance"
"US Virgin Islands","Unrooted Cutting","Medium compliance"
"Venezuela","Rooted Plant (including grafted)","Medium compliance"
"Venezuela","Unrooted Cutting","Medium compliance"
"Viet Nam","Meristem or Callus Tissue Culture (micropropagated/in vitro culture)","Tissue culture high"
"Viet Nam","Root cutting, crown, or clump, Tuberous Root","Medium compliance"
"Viet Nam","Rooted Cutting (including air layer)","Poor compliance"
"Viet Nam","Rooted Plant (including grafted)","High compliance"
"Viet Nam","Unrooted Cutting","Medium compliance"
"Viet Nam","Unrooted Plant","Medium compliance"
"Wallis and Futuna Islands","Meristem or Callus Tissue Culture (micropropagated/in vitro culture)","Tissue culture high"
"Western Sahara","Meristem or Callus Tissue Culture (micropropagated/in vitro culture)","Tissue culture high"
"Zambia","Bulb, Corm, Rhizome, Tuberous Stem","Medium compliance"
"Zambia","Rooted Plant (including grafted)","Medium compliance"
"Zimbabwe","Root cutting, crown, or clump, Tuberous Root","Medium compliance"
"Zimbabwe","Rooted Cutting (including air layer)","Medium compliance"
"Zimbabwe","Rooted Plant (including grafted)","High compliance"
"Zimbabwe","Unrooted Cutting","Medium compliance"
"Zimbabwe","Unrooted Plant","Medium compliance"
"Guam","Bulb, Corm, Rhizome, Tuberous Stem","Medium compliance"
"Cayman Islands","Unrooted Cutting","Medium compliance"
"North Macedonia","Rooted Plant (including grafted)","Medium compliance"
"Cyprus","Root cutting, crown, or clump, Tuberous Root","Medium compliance"
"Canada","Root cutting, crown, or clump, Tuberous Root","Medium compliance"
"Bhutan","Unrooted Cutting","Medium compliance"
"Uruguay","Meristem or Callus Tissue Culture (micropropagated/in vitro culture)","Tissue culture high"
"Brazil","Root cutting, crown, or clump, Tuberous Root","Medium compliance"
"Argentina","Rooted Plant (including grafted)","Medium compliance"
"Hungary","Root cutting, crown, or clump, Tuberous Root","Medium compliance"
"Bulgaria","Unrooted Plant","Medium compliance"
"Armenia","Budwood/Graftwood (scion)","Medium compliance"
"Morocco","Budwood/Graftwood (scion)","Low compliance"
"Croatia","Budwood/Graftwood (scion)","Low compliance"
"Palau","Meristem or Callus Tissue Culture (micropropagated/in vitro culture)","Tissue culture high"
"Oman","Budwood/Graftwood (scion)","Low compliance"
"Pakistan","Unrooted Cutting","Poor compliance"
"Austria","Unrooted Plant","Medium compliance"
"Senegal","Rooted Plant (including grafted)","Medium compliance"
"Pakistan","Rooted Cutting (including air layer)","Poor compliance"
"Guam","Unrooted Plant","Medium compliance"
"Hungary","Rooted Cutting (including air layer)","Medium compliance"
"Austria","Bulb, Corm, Rhizome, Tuberous Stem","Medium compliance"
"Austria","Root cutting, crown, or clump, Tuberous Root","Medium compliance"
"United States of America","Root cutting, crown, or clump, Tuberous Root","Medium compliance"
"Trinidad and Tobago","Unrooted Cutting","Medium compliance"
"Palau","Unrooted Cutting","Medium compliance"
"Mali","Rooted Plant (including grafted)","Medium compliance"
"Barbados","Unrooted Cutting","Medium compliance"
"Russia","Rooted Plant (including grafted)","Medium compliance"
"Nepal","Rooted Plant (including grafted)","Medium compliance"
"Oman","Unrooted Cutting","Medium compliance"
"Jamaica","Meristem or Callus Tissue Culture (micropropagated/in vitro culture)","Tissue culture high"
"Macao","Meristem or Callus Tissue Culture (micropropagated/in vitro culture)","Tissue culture high"
"Antigua and Barbuda","Root cutting, crown, or clump, Tuberous Root","Medium compliance"
"Tanzania","Meristem or Callus Tissue Culture (micropropagated/in vitro culture)","Tissue culture high"
"Zimbabwe","Meristem or Callus Tissue Culture (micropropagated/in vitro culture)","Tissue culture high"
"Venezuela","Meristem or Callus Tissue Culture (micropropagated/in vitro culture)","Tissue culture high"
"Sweden","Bulb, Corm, Rhizome, Tuberous Stem","Poor compliance"
"Viet Nam","Bulb, Corm, Rhizome, Tuberous Stem","Medium compliance"
"New Zealand","Unrooted Plant","Medium compliance"
"Philippines","Budwood/Graftwood (scion)","Poor compliance"
"Barbados","Budwood/Graftwood (scion)","Poor compliance"
"Trinidad and Tobago","Rooted Plant (including grafted)","Medium compliance"
"US Virgin Islands","Rooted Plant (including grafted)","Medium compliance"
"Gambia","Bulb, Corm, Rhizome, Tuberous Stem","Medium compliance"
"Gambia","Rooted Plant (including grafted)","Medium compliance"
"Luxembourg","Rooted Plant (including grafted)","Low compliance"
"Senegal","Unrooted Cutting","Medium compliance"
"St. Lucia","Rooted Cutting (including air layer)","Poor compliance"
"St. Lucia","Root cutting, crown, or clump, Tuberous Root","Medium compliance"
"Antigua and Barbuda","Rooted Cutting (including air layer)","Low compliance"
"Trinidad and Tobago","Meristem or Callus Tissue Culture (micropropagated/in vitro culture)","Medium compliance"
"Ukraine","Budwood/Graftwood (scion)","Low compliance"
"Suriname","Rooted Cutting (including air layer)","Medium compliance"
"Sweden","Unrooted Cutting","Medium compliance"
"Romania","Unrooted Cutting","Medium compliance"
"Belize","Unrooted Cutting","Medium compliance"
"El Salvador","Bulb, Corm, Rhizome, Tuberous Stem","Medium compliance"
"Luxembourg","Rooted Cutting (including air layer)","Low compliance"
