PRODUCER_NAME,grouping
Acupuncture Traditions LTD,-1
ALL CAPS PLANTS,2
ALL CAPS PLANTS S.A,2
BANGKOKS BEST,3
BANGKOKS FINEST,3
Ben Affleck Argo,4
Bob Costa Ranch,5
Bobby Box 301-305,6
Bobby Chang-Ramirez,6
Burgertown USA,7
Don Thuc Thai Mon,8
El Poco Loco,9
Fidel Castro's Shell Company,10
Floral Flowers J.D. Powers,12
Floral Flowers JD Powers,12
Flower Power Sixty,12
Greenhouse Centre Corp,35
Greenhouse Corp,35
Greenhouse Exposition SA,35
Hamilton Farms Co,45
Hocus Pocus Locusts,66
IN VITRO VITALITY,200
Jimmy Chu HHH,201
Jimy Chu Peru HHH,201
John Goodmans Garden,202
JOHNNY ROCKETS MD KC SUCCULENTS YARD,203
Land Adventures,204
LANDFALL BEAUTY LTD,205
LANDFALL BEAUTY LTM,205
LIFE AQUATIC,206
LLAMA CAFE,207
LLAMA CAFE S A,207
LLAMA CAFE SA,207
Mediocre Plants SA,208
MISO SOUP TIME,209
MONGOLIAN TROPICANA,210
Ms Doubtfire,211
Not Selected,-1
OCCIDENTAL TERRANIUM (S) PTE LTD,213
OCCIDENTAL TERRANIUMS LTD,213
OVALTINE SA 2450,214
Plant Inventions Ecuadora,215
Plant Inventions Ecuadora 1-4,215
POKER INTERNACIONAL MEXICO S,216
POKER INTERNATIONAL,216
POKER INTERNATIONAL MEXICO,216
Rasta Pasta Malaysia,217
REVERSO LUA S.A 1-31,218
REVERSO LUA SA,218
Rickety Rick Plants,219
Robert Kraft,220
Running Man Plants PVT,221
Salsa Verde BOX 01-05,222
Salsa Verde BOX 01-06,222
Salsa Verde BOX 01-07,222
Salsa Verde BOX 01-08,222
Salsa Verde BOX 01-09,222
Spectacular Plants PVT,223
Sunnyside UP CO LTD,224
TAMBOURINE PLANTS,225
TGI Mondays,226
The Five Seasons.LTD,227
Ugly Duckling Jamaica,228
Unknown,-1
VIETNAM BEST SOUP CO LTD,230
VIVIANS INTERNATIONAL MAN,231
Von Biszmark,232
